url	title	TotalKorean	EnglishRoot	ChineseRoot	KoreanRoot	UnknownRoot	EnglishRootList	ChineseRootList
http://www.iybrb.com/sport/content/2010-07/22/35_71432.html	2010년 전국 소수민족탁구경기 연변서 펼친다	103	3	78	16	6	['팀', '팀', '팀']	['체육', '민족', '종교', '사무국', '주최', '탁구', '협회', '주관', '사상', '중국', '소수민족', '탁구', '경기', '전국', '소수민족', '탁구', '경기', '탁구', '협회', '활동', '쎈터', '재정', '학교', '진행', '차', '경기', '호남', '상서', '묘족', '자치주', '내몽골', '흑룡강성', '할', '연변', '등', '지구', '소수민족', '선수', '빈', '해변', '강', '한국', '서울시', '특별', '초청', '여개', '출전', '남녀', '집단', '단식', '종목', '쟁탈전', '탁구', '협회', '해당', '책임자', '탁구', '협회', '중국', '소수민족', '지구', '탁구', '수준', '고', '보급', '위해', '년전', '이번', '경기', '진행', '위해', '동분서주', '국가', '체육', '탁구', '쎈터', '긍정', '기자']
http://www.iybrb.com/sport/content/2010-07/22/35_69362.html	주탁구협회대표팀 로씨야서 훌륭한 성적 취득	87	0	68	16	3	[]	['빈', '해변', '강구', '급', '국제', '탁구', '초청', '경기', '탁구', '협회', '성적', '취득', '빈', '해변', '강', '탁구', '협회', '초청', '탁구', '협회', '이번', '경기', '명', '선수', '파견', '치렬', '탁구', '협회', '용남', '상국', '대조', '남자', '단식', '우승', '연길시', '국가', '무국', '박', '장하', '탁구', '협회', '활동', '쎈터', '재정', '학교', '가', '대조', '남자', '단식', '현금', '탁구', '협회', '교류', '쎈터', '연변', '대학', '사범', '분원', '녀자', '단식', '우승', '탁구', '협회', '활동', '쎈터', '가', '각각', '기자']
http://www.iybrb.com/sport/content/2010-07/18/35_71424.html	균형 잡힌 성도, 균형 잃은 연변	173	11	89	58	15	['팀', '홈팀', '팀', '프리킥', '패스', '프리킥', '팀', '멤버', '리그', '시즌', '팀']	['대', '성도', '전', '시사', '경기', '경기', '보면', '성도', '균형', '잡혀있었고', '연변', '균형', '말로', '평가', '선발', '출전', '신진', '배치', '공수', '전환', '담당', '수비', '대인', '방어', '미흡', '배분', '자신', '량', '변선', '수비', '반칙', '득점', '상대', '개인', '수비', '집중', '간접', '설명', '간판', '공격수', '상대', '수비', '동료', '활용', '할', '공간', '할', '득점', '량', '공간활용', '폭', '진', '위치', '분할수', '질도', '외', '연변', '차례', '기회', '후반', '선수', '교체', '통해', '공격', '상대', '주도', '선수', '교체', '박성', '후반', '투입', '경기', '투입', '시키', '기보', '선수', '선발', '출장', '교체', '교체', '감독', '진', '교훈', '총화', '강', '실책', '대한', '대비', '기대']
http://www.iybrb.com/sport/content/2010-07/08/35_69329.html	연변팀 한국 해남서 “구슬땀”	117	12	77	23	5	['팀', '팀', '리그', '셔틀', '뻐스', '팀', '스포츠', '인프라', '팀', '리그', '팀', '팀']	['연변', '구단', '김광주', '감독', '연변', '지난', '한국', '향발', '한국', '남우', '경기장', '훈련', '이번', '한국', '행', '한', '연변', '명', '선수', '후반', '대비', '의욕', '훈련', '소화', '감독', '진', '전', '이번', '한국', '훈련', '한국', '목포', '축구', '쎈터', '민병', '주선', '유치', '해남군', '제공', '등', '연변', '선수', '지역', '지원', '김광주', '감독', '해남군', '차별', '적극', '지원', '감사', '년', '해남', '방문', '고', '유치', '약속', '한편', '연변', '한국', '소속', '오후', '종합', '경기장', '오후', '월드컵경기', '차례', '평가전', '연변', '연길', '귀환', '성도', '경기', '준비', '기자', '실습생', '한우']
http://www.iybrb.com/sport/content/2010-06/28/35_71391.html	한희문국가급심판 고별경기 집법	82	3	59	15	5	['축구심판', '슈퍼리그', '로고']	['연변', '축구', '협회', '연변', '축구', '구락부', '정보', '과학기술', '유한회사', '천동', '민족', '음료', '유한회사', '주최', '자선경기', '체육', '연변', '축구', '협회', '희문', '국가', '심판', '연변', '대학', '체육', '학원', '의', '경기', '종사', '해온', '희문', '당시', '중국', '축구', '갑', '갑', '심판', '담당', '중국', '축구', '심판', '맡고있다', '경기', '심판', '숙련', '수준', '과시', '경기', '체육', '연변', '축구', '협회', '희문', '생화', '증정', '다년', '긍정', '사진', '기자']
http://www.iybrb.com/sport/content/2010-06/28/35_69319.html	한희문국가급심판 고별경기 집법	82	3	59	15	5	['축구심판', '슈퍼리그', '로고']	['연변', '축구', '협회', '연변', '축구', '구락부', '정보', '과학기술', '유한회사', '천동', '민족', '음료', '유한회사', '주최', '자선경기', '체육', '연변', '축구', '협회', '희문', '국가', '심판', '연변', '대학', '체육', '학원', '의', '경기', '종사', '해온', '희문', '당시', '중국', '축구', '갑', '갑', '심판', '담당', '중국', '축구', '심판', '맡고있다', '경기', '심판', '숙련', '수준', '과시', '경기', '체육', '연변', '축구', '협회', '희문', '생화', '증정', '다년', '긍정', '사진', '기자']
http://www.iybrb.com/sport/content/2010-07/08/35_71399.html	연변대표팀 바드민톤경기(종업원조)서 좋은 성적 취득	128	1	91	31	5	['클럽']	['협회', '익', '체육', '관', '성', '경기', '대회', '경기', '종업원', '연변', '성적', '취득', '차', '경기', '성내', '각지', '여개', '여명', '선수', '운집', '수준', '경기', '이번', '경기', '연변', '조', '집단', '경기', '종목', '경기', '개', '종목', '명', '명', '종목', '순자', '혼합', '복식', '합작', '우승', '명', '개', '종목', '류광', '종', '병조', '남자', '단식', '진침', '류빙', '남자', '복식', '서뢰', '최', '금성', '혼합', '복식', '녀자', '단식', '명', '종목', '서뢰', '남자', '단식', '명', '종목', '류', '해도', '남자', '단식', '협회', '조직', '연변', '명', '구성', '이중', '명', '부동', '종목', '성적', '정신', '풍모', '박투', '정신', '대회', '평가', '체육', '도덕', '격상', '기도', '기자']
http://www.iybrb.com/sport/content/2010-07/08/35_71401.html	연변팀 한국 해남서 “구슬땀”	117	12	77	23	5	['팀', '팀', '리그', '셔틀', '뻐스', '팀', '스포츠', '인프라', '팀', '리그', '팀', '팀']	['연변', '구단', '김광주', '감독', '연변', '지난', '한국', '향발', '한국', '남우', '경기장', '훈련', '이번', '한국', '행', '한', '연변', '명', '선수', '후반', '대비', '의욕', '훈련', '소화', '감독', '진', '전', '이번', '한국', '훈련', '한국', '목포', '축구', '쎈터', '민병', '주선', '유치', '해남군', '제공', '등', '연변', '선수', '지역', '지원', '김광주', '감독', '해남군', '차별', '적극', '지원', '감사', '년', '해남', '방문', '고', '유치', '약속', '한편', '연변', '한국', '소속', '오후', '종합', '경기장', '오후', '월드컵경기', '차례', '평가전', '연변', '연길', '귀환', '성도', '경기', '준비', '기자', '실습생', '한우']
http://www.iybrb.com/sport/content/2010-07/08/35_71400.html	2010년 연변녀자문구경기 왕청서	62	4	43	12	3	['팀', '팀', '팀', '팀']	['주로', '체육', '협회', '협회', '주최', '체육', '협회', '협회', '주관', '연변', '녀자', '문구', '경기', '문구', '왕', '청림', '업', '국문', '구장', '성황리', '차', '경기', '직속', '기관', '주내', '개', '현', '시', '개', '여명', '선수', '출전', '승부', '경기', '결과', '직속', '우승', '연길', '홍성', '준우승', '직속', '도문시', '현실']
http://www.iybrb.com/sport/content/2010-07/08/35_69331.html	연변의 축구애호가들 “공띄우기” 세계기록에 도전	149	3	106	35	5	['코카콜라', '기네스세계기록', '기네스세계기록']	['열기', '연변', '대형', '행사', '연변', '축구', '문화', '고양', '축구', '고향', '미칭', '세상', '고저', '연길시', '인민', '정부', '연변', '대학', '신문', '화보', '길림', '회사', '오전', '연변', '대학', '운동장', '남쪽', '경기장', '축구공', '세계', '기록', '도전', '대형', '활동', '연변', '대학', '단위', '부서', '기', '최택씨', '행사', '통보', '나간', '명의', '사생', '용약', '등록', '참가', '연변', '대학', '교정', '매일', '기술', '진', '풍경', '연출', '최택씨', '등록', '사생', '최종', '명의', '사생', '선택', '이외', '기술', '조예', '연길시', '중소', '학교', '학생', '민간', '축구', '애호', '여명', '연변', '대학', '사생', '도전', '행사', '참가', '료', '목전', '종목', '창조', '명', '동시', '기록', '이번', '명의', '연변', '축구', '애호가', '이상', '이번', '대형', '행사', '중앙', '매체', '수십', '보도', '매체', '기자', '파견', '현장', '취재', '기자']
http://www.iybrb.com/sport/content/2010-07/08/35_69330.html	2010년 연변녀자문구경기 왕청서	62	4	43	12	3	['팀', '팀', '팀', '팀']	['주로', '체육', '협회', '협회', '주최', '체육', '협회', '협회', '주관', '연변', '녀자', '문구', '경기', '문구', '왕', '청림', '업', '국문', '구장', '성황리', '차', '경기', '직속', '기관', '주내', '개', '현', '시', '개', '여명', '선수', '출전', '승부', '경기', '결과', '직속', '우승', '연길', '홍성', '준우승', '직속', '도문시', '현실']
http://www.iybrb.com/sport/content/2010-07/11/35_69333.html	연변 “공띄우기” 기네스세계기록 돌파	78	7	38	31	2	['월드컵', '기네스세계기록', '기네스세계기록', '기네스세계기록', '기네스세계기록', '기네스세계기록', '기네스세계기록']	['열기', '축구', '고향', '연변', '돌파', '일대', '장거', '해내', '세인', '오전', '연변', '대학', '경기장', '도전', '명', '선수', '군', '인산인해', '도전', '선포', '경기장', '선수', '동시', '시작', '무려', '명', '선수', '연변', '명', '돌파', '공식', '정일', '돌파', '인정', '정식', '선포', '참여자', '군']
http://www.iybrb.com/sport/content/2010-07/08/35_71402.html	연변의 축구애호가들 “공띄우기” 세계기록에 도전	149	3	106	35	5	['코카콜라', '기네스세계기록', '기네스세계기록']	['열기', '연변', '대형', '행사', '연변', '축구', '문화', '고양', '축구', '고향', '미칭', '세상', '고저', '연길시', '인민', '정부', '연변', '대학', '신문', '화보', '길림', '회사', '오전', '연변', '대학', '운동장', '남쪽', '경기장', '축구공', '세계', '기록', '도전', '대형', '활동', '연변', '대학', '단위', '부서', '기', '최택씨', '행사', '통보', '나간', '명의', '사생', '용약', '등록', '참가', '연변', '대학', '교정', '매일', '기술', '진', '풍경', '연출', '최택씨', '등록', '사생', '최종', '명의', '사생', '선택', '이외', '기술', '조예', '연길시', '중소', '학교', '학생', '민간', '축구', '애호', '여명', '연변', '대학', '사생', '도전', '행사', '참가', '료', '목전', '종목', '창조', '명', '동시', '기록', '이번', '명의', '연변', '축구', '애호가', '이상', '이번', '대형', '행사', '중앙', '매체', '수십', '보도', '매체', '기자', '파견', '현장', '취재', '기자']
http://www.iybrb.com/sport/content/2010-07/18/35_71425.html	“결과는 승복…강홍권의 ‘축출’로 팀 완전히 피동”	116	10	62	40	4	['팀', '프리킥', '팀', '팀', '팀', '팀', '팀', '옐로카드', '레드카드', '레드카드']	['산', '성도', '감독', '경기', '성도', '행운', '차례', '반격', '행운', '연변', '기절', '주', '장악', '능력', '기회', '정채', '경기', '후반전', '인원', '보수', '경기', '림', '휴식', '기간', '선수', '감각', '수도', '인원', '연변', '수비', '진', '적지', '압력', '김광주', '연변', '감독', '성도', '실력', '강팀', '방', '전환', '속도', '선수', '개개인', '능력', '경기', '정상', '전반전', '선수', '집중', '후반', '강', '루적', '경기장', '피동', '받기전까지', '연변', '공세', '상대', '초월', '대해', '실망']
http://www.iybrb.com/sport/content/2010-07/11/35_69335.html	연변생활체육의 “두뇌” 주체육총회	221	2	172	45	2	['클럽', '골']	['림', '세상', '고고', '체육', '총회', '정식', '해당', '부문', '등록', '설립', '현재', '연변', '생활', '체육', '두뇌', '체육', '총회', '산하에', '개', '급', '생활', '체육', '항목', '협회', '등록', '외', '개', '생활', '체육', '항목', '협회', '등록', '준비', '대중', '건강', '촉진', '활약', '이자', '연변', '생활', '체육', '지휘자', '인', '체육', '총회', '엄격', '체계', '직책', '감당', '연변', '체육', '운동', '발전', '추', '함', '동시', '체육', '사회', '진척', '추진', '연변', '체육', '사업', '발전', '위해', '건의', '개혁', '조치', '제출', '주급', '체육', '사회', '단체', '즉', '급', '생활', '체육', '항목', '협회', '책임지고', '관리', '협회', '업종', '체육', '협회', '계통', '체육', '협회', '주내', '각', '현', '시', '체육', '회의', '사업', '지도', '대중', '체육', '경기', '체육', '양성', '활동', '조직', '체육', '운동', '종목', '보급', '운동', '기술', '수준', '고', '추', '동해', '상급', '해당', '부문', '준', '각종', '경기', '주관', '체육', '리론', '전업', '운동', '기술', '조사', '연구', '활동', '조직', '체육', '운동', '수준', '고', '하여', '자문', '공능', '역할', '국제', '체육', '교류', '활동', '전개', '동시', '국제', '체육', '경기', '주최', '연변', '체육', '대외', '교류', '역할', '체육', '준', '기타', '사항', '사업', '임무', '완수', '기자', '사진', '체육', '총회', '주최', '태권도', '교류', '활동', '태권도', '경기', '장면', '허성', '기자']
http://www.iybrb.com/sport/content/2010-07/11/35_71403.html	연변 “공띄우기” 기네스세계기록 돌파	78	7	38	31	2	['월드컵', '기네스세계기록', '기네스세계기록', '기네스세계기록', '기네스세계기록', '기네스세계기록', '기네스세계기록']	['열기', '축구', '고향', '연변', '돌파', '일대', '장거', '해내', '세인', '오전', '연변', '대학', '경기장', '도전', '명', '선수', '군', '인산인해', '도전', '선포', '경기장', '선수', '동시', '시작', '무려', '명', '선수', '연변', '명', '돌파', '공식', '정일', '돌파', '인정', '정식', '선포', '참여자', '군']
http://www.iybrb.com/sport/content/2010-07/11/35_71405.html	연변생활체육의 “두뇌” 주체육총회	221	2	172	45	2	['클럽', '골']	['림', '세상', '고고', '체육', '총회', '정식', '해당', '부문', '등록', '설립', '현재', '연변', '생활', '체육', '두뇌', '체육', '총회', '산하에', '개', '급', '생활', '체육', '항목', '협회', '등록', '외', '개', '생활', '체육', '항목', '협회', '등록', '준비', '대중', '건강', '촉진', '활약', '이자', '연변', '생활', '체육', '지휘자', '인', '체육', '총회', '엄격', '체계', '직책', '감당', '연변', '체육', '운동', '발전', '추', '함', '동시', '체육', '사회', '진척', '추진', '연변', '체육', '사업', '발전', '위해', '건의', '개혁', '조치', '제출', '주급', '체육', '사회', '단체', '즉', '급', '생활', '체육', '항목', '협회', '책임지고', '관리', '협회', '업종', '체육', '협회', '계통', '체육', '협회', '주내', '각', '현', '시', '체육', '회의', '사업', '지도', '대중', '체육', '경기', '체육', '양성', '활동', '조직', '체육', '운동', '종목', '보급', '운동', '기술', '수준', '고', '추', '동해', '상급', '해당', '부문', '준', '각종', '경기', '주관', '체육', '리론', '전업', '운동', '기술', '조사', '연구', '활동', '조직', '체육', '운동', '수준', '고', '하여', '자문', '공능', '역할', '국제', '체육', '교류', '활동', '전개', '동시', '국제', '체육', '경기', '주최', '연변', '체육', '대외', '교류', '역할', '체육', '준', '기타', '사항', '사업', '임무', '완수', '기자', '사진', '체육', '총회', '주최', '태권도', '교류', '활동', '태권도', '경기', '장면', '허성', '기자']
http://www.iybrb.com/sport/content/2010-07/12/35_71407.html	김경도 전지훈련서 주목	90	6	46	32	6	['팀', '팀', '시티즌', '플레이', '팀', '스타']	['김광주', '감독', '이번', '훈련', '연변', '유망', '주', '배번', '번', '가', '각', '한국', '보도', '매체', '주목', '평가전', '감독', '진', '동료', '성장', '격려', '생인', '감독', '진', '경도', '어린', '경기', '시야', '활동', '폭', '전술', '세밀', '칭찬', '경도', '장점', '현재', '국가', '청년', '정', '선수', '연변', '부상', '하길', '기대', '사진', '허성']
http://www.iybrb.com/sport/content/2010-07/11/35_71406.html	주체육운동학교 유도팀 성적 괄목	103	1	69	14	19	['팀']	['길림성', '체육', '중경', '운동', '관리', '쎈터', '주최', '료', '체육', '국서', '주관', '성', '경기', '대회', '유도', '경기', '료', '체육관', '진행', '차', '경기', '성내', '개', '여명', '선수', '출전', '악', '쟁탈전', '연변', '체육', '운동', '학교', '유도', '명', '선수', '출전', '급별', '금메달', '매', '항', '조', '녀자', '갑', '옥설', '녀', '조', '은메달', '매', '진일', '남자', '갑', '홍', '녀', '조', '동메달', '매', '남자', '갑', '남자', '갑', '봉', '조', '녀', '조', '녀자', '병조', '괄목', '성적', '기자']
http://www.iybrb.com/sport/content/2010-07/11/35_69334.html	주체육운동학교 유도팀 성적 괄목	103	1	69	14	19	['팀']	['길림성', '체육', '중경', '운동', '관리', '쎈터', '주최', '료', '체육', '국서', '주관', '성', '경기', '대회', '유도', '경기', '료', '체육관', '진행', '차', '경기', '성내', '개', '여명', '선수', '출전', '악', '쟁탈전', '연변', '체육', '운동', '학교', '유도', '명', '선수', '출전', '급별', '금메달', '매', '항', '조', '녀자', '갑', '옥설', '녀', '조', '은메달', '매', '진일', '남자', '갑', '홍', '녀', '조', '동메달', '매', '남자', '갑', '남자', '갑', '봉', '조', '녀', '조', '녀자', '병조', '괄목', '성적', '기자']
http://www.iybrb.com/sport/content/2010-07/12/35_69336.html	김경도 전지훈련서 주목	90	6	46	32	6	['팀', '팀', '시티즌', '플레이', '팀', '스타']	['김광주', '감독', '이번', '훈련', '연변', '유망', '주', '배번', '번', '가', '각', '한국', '보도', '매체', '주목', '평가전', '감독', '진', '동료', '성장', '격려', '생인', '감독', '진', '경도', '어린', '경기', '시야', '활동', '폭', '전술', '세밀', '칭찬', '경도', '장점', '현재', '국가', '청년', '정', '선수', '연변', '부상', '하길', '기대', '사진', '허성']
http://www.iybrb.com/sport/content/2010-07/04/35_69323.html	김룡기자 외롭고 힘든 취재임무 마무리고 귀국	290	19	168	91	12	['만나', '에피소드', '그룹', '호텔', '호텔', '호텔', '리그', '록', '메일', '월드컵', '월드컵', '팀', '뻐스', '택시', '유럽', '북경올림픽', '사이트', '코너', '클릭']	['지난', '연길', '현장', '취재', '출발', '남아', '공행', '길림신문', '사의', '김룡기자', '연길', '도착', '김룡기자', '남아공', '취재', '감회', '등', '김룡기자', '이번', '남아', '공행', '길림신문', '창간', '특별', '기획', '행사', '이번', '남아', '공행', '신문사', '동료', '연변', '통', '회장', '조선족', '축구', '협회', '친우', '호주머니', '김룡기자', '이번', '취재', '외', '지어', '인신', '안전', '위협', '취재', '김룡기자', '이번', '취재', '영어', '국제', '축구', '련맹', '예약', '신청', '하지', '도착', '김룡기자', '중국', '대사관', '취재', '기간', '번의', '강탈', '한지', '보호', '용', '무기', '항상', '청', '대부분', '소식', '개회', '직접', '참가', '김룡기자', '영어', '음기', '지니', '록음', '연길시', '중학', '근무', '영어', '교원', '씨', '김미례씨', '속도', '삼촌', '번역', '내용', '제공', '김룡기자', '기사', '마무', '려', '신문사', '김룡씨', '경기', '장내', '음악회', '분위기', '청', '하기가', '경기장', '인상', '축구공', '기념품', '등등', '제품', '중국산', '표기', '김룡기자', '국제', '축구', '련맹', '배치', '일부', '훈련', '취재', '보안', '기사', '등', '파업', '로임', '인상', '요구', '단행', '경우', '번', '안전', '상황', '고려', '타기가', '김룡기자', '미주', '기자', '국제', '대회', '중국', '심', '성공', '주최', '기자', '인상', '준', '모양', '김룡기자', '이번', '남아', '공행', '김룡기자', '외', '상황', '사진', '수백', '기사', '편', '독자', '선물', '김룡기자', '하면', '현장', '취재', '내용', '기자']
http://www.iybrb.com/sport/content/2010-07/04/35_71396.html	김룡기자 외롭고 힘든 취재임무 마무리고 귀국	290	19	168	91	12	['만나', '에피소드', '그룹', '호텔', '호텔', '호텔', '리그', '록', '메일', '월드컵', '월드컵', '팀', '뻐스', '택시', '유럽', '북경올림픽', '사이트', '코너', '클릭']	['지난', '연길', '현장', '취재', '출발', '남아', '공행', '길림신문', '사의', '김룡기자', '연길', '도착', '김룡기자', '남아공', '취재', '감회', '등', '김룡기자', '이번', '남아', '공행', '길림신문', '창간', '특별', '기획', '행사', '이번', '남아', '공행', '신문사', '동료', '연변', '통', '회장', '조선족', '축구', '협회', '친우', '호주머니', '김룡기자', '이번', '취재', '외', '지어', '인신', '안전', '위협', '취재', '김룡기자', '이번', '취재', '영어', '국제', '축구', '련맹', '예약', '신청', '하지', '도착', '김룡기자', '중국', '대사관', '취재', '기간', '번의', '강탈', '한지', '보호', '용', '무기', '항상', '청', '대부분', '소식', '개회', '직접', '참가', '김룡기자', '영어', '음기', '지니', '록음', '연길시', '중학', '근무', '영어', '교원', '씨', '김미례씨', '속도', '삼촌', '번역', '내용', '제공', '김룡기자', '기사', '마무', '려', '신문사', '김룡씨', '경기', '장내', '음악회', '분위기', '청', '하기가', '경기장', '인상', '축구공', '기념품', '등등', '제품', '중국산', '표기', '김룡기자', '국제', '축구', '련맹', '배치', '일부', '훈련', '취재', '보안', '기사', '등', '파업', '로임', '인상', '요구', '단행', '경우', '번', '안전', '상황', '고려', '타기가', '김룡기자', '미주', '기자', '국제', '대회', '중국', '심', '성공', '주최', '기자', '인상', '준', '모양', '김룡기자', '이번', '남아', '공행', '김룡기자', '외', '상황', '사진', '수백', '기사', '편', '독자', '선물', '김룡기자', '하면', '현장', '취재', '내용', '기자']
http://www.iybrb.com/sport/content/2010-07/01/35_71395.html	성 제16회경기대회서 류사원 녀자도로자전거 3등 차지	92	10	59	19	4	['컵', '킬로', '메터', '메달', '메터', '킬로', '킬로', '킬로', '킬로', '킬로']	['체육', '송원시', '호풍', '경구', '간호', '성', '경기', '대회', '녀자', '도로', '자전거경기', '연변', '대표', '출전', '류', '선수', '녀', '조', '개인', '전', '종목', '연변', '유일', '획득', '체육', '륙', '자전거', '운동', '관리', '쎈터', '주최', '인민', '정부', '간호', '관광', '경제개발', '관리', '위원회', '주관', '차', '경기', '개', '급별', '갑', '조', '병조', '의', '개', '종목', '설치', '치렬', '쟁탈전', '연변', '위주', '선수', '이번', '경기', '출전', '기자']
http://www.iybrb.com/sport/content/2010-07/18/35_71427.html	성도 프리킥 두방으로 “장백호랑이” 잠재우다	395	53	193	122	27	['팀', '팀', '월드컵', '팀', '슛', '팀', '리드', '보이', '팀', '키퍼', '프리킥', '키퍼', '코너킥', '프리킥', '옐로카드', '프리킥', '팀', '팀', '코너킥', '레이', '헤딩', '슛', '팀', '프리킥', '팀', '팀', '팀', '팀', '프리킥', '슛', '팀', '키퍼', '팀', '팀', '패스', '슛', '옐로카드', '슛', '팀', '코너킥', '슛', '팀', '팀', '옐로카드', '팀', '팀', '키퍼', '레이', '하프', '리그', '레드카드', '옐로카드', '코너킥']	['지적', '수비', '불안이였으나', '연변', '해결', '하지', '연길시', '인민', '경기장', '륜', '경기', '수비', '불안', '상대', '대', '완패', '경기', '초반', '보수', '문의', '시작', '연변', '경기', '초반', '상대', '몰아', '경기', '시간', '특정', '개인', '조직', '문제', '위기', '초래', '하기', '시작', '실수', '성도', '간판', '번', '대', '상황', '기회', '선방', '실점', '모면', '상대', '지문', '일이', '번', '역시', '재능', '상대', '금', '지구', '외곽', '문', '꼴문', '대우', '변선', '수비', '강', '반칙', '상대', '외적', '용병', '번', '주도', '지문', '후자', '꼴문', '밀어', '선제', '연변', '기회', '연변', '변선', '수비', '반칙', '한번', '번', '완존선수', '두번째', '전반전', '연변', '상대', '경기', '마', '후반', '시작', '연변', '신진', '박성', '투입', '반전', '시도', '박성', '상대', '수비벽', '원거리', '강슛', '국가', '송진', '유의', '연변', '공격', '서자', '성도', '시간', '전술', '박성', '득점챤스', '강', '선수', '두번째', '경기장', '축출', '수모', '감독', '김광주', '투입', '도박', '무산', '연변', '번의', '실점', '기회', '모면', '박성', '각도', '역시', '성도', '성도', '번', '완존', '선수', '역시', '루적', '경기장', '축출', '성도', '보충', '시간', '대', '기결', '종료', '연변', '원정', '안휘', '방과', '격돌', '대', '성도', '전', '출전', '명단', '번', '수비', '번', '번', '청송', '번', '번', '강', '번', '번', '번', '박성', '번', '번', '공격', '번', '번', '번', '갑', '변경', '기구', '기술', '조사', '연구', '반칙', '득점', '연변', '장', '장', '차', '차', '성도', '장', '장', '차', '차', '기자']
http://www.iybrb.com/sport/content/2010-07/12/35_69337.html	“전지훈련 통해 팀의 보완점 잘 보아냈다”	125	6	79	36	4	['팀', '팀', '펼칠것이라면서', '팬', '컨디션', '팀']	['한국', '훈련', '통해', '보완', '점', '보아', '공항', '취재', '수시', '김광주', '감독', '이번', '훈련', '감회', '개괄', '김광주', '감독', '선수', '객관', '환경', '요소', '극복', '의욕', '훈련', '소화', '이번', '훈련', '예기', '성과', '김광주', '감독', '연변', '약점', '진과', '공격수', '배합', '면', '집중', '보완', '등', '주력', '공격수', '득점', '고가', '급선무', '오후', '소집', '집중', '훈련', '면', '훈련', '내용', '내비', '한편', '김광주', '감독', '대', '성도', '전', '최소한', '지지', '경기', '열띤', '응원', '감독', '현재', '선수', '외', '상병', '선수', '선수', '분위기', '등', '내부', '결속', '강화', '사진', '허성', '기자']
http://www.iybrb.com/sport/content/2010-07/18/35_69358.html	“체육운동을 발전시켜 인민의 체질을 증진시키자”	530	4	393	120	13	['보이', '클럽', '시스템', '스포츠']	['모택동', '주석', '체육', '운동', '발전', '인민', '체질', '증진', '제사', '발표', '중국', '체육', '운동', '발전', '어언간', '세월', '중국', '대중', '체육', '운동', '인구', '인구', '이상', '점', '명실', '세계', '체육', '강국', '부상', '중국', '축구', '고향', '연변', '모택동', '주석', '정신', '입어', '축구', '기타', '종목', '체육', '운동', '즉', '대중', '체육', '운동', '대중', '체육', '운동', '인구', '현재', '연변', '인구', '이상', '체육', '군중', '체육', '처', '제공', '전국', '평균', '수준', '릉', '기자', '연변', '대중', '체육', '운동', '사업', '추진', '상황', '체육', '총회', '리용', '서장', '현재', '연변', '대중', '체육', '운동', '활약', '연변', '대중', '체육', '운동', '두뇌', '연변', '체육', '총회', '취지', '사업', '추진', '모택동', '주석', '체육', '운동', '발전', '인민', '체질', '증진', '사업', '추진', '취지', '다년', '당위', '정부', '대적', '지지', '체육', '업무', '지도', '제정', '민', '건신', '계획', '전면', '시', '달해', '대중', '체육', '운동', '보급', '발전', '하면', '체육', '사회', '단체', '조직', '즉', '급', '종목', '체육', '협회', '의', '건설', '사회', '진척', '현재', '연변', '체육', '사회', '단체', '조직', '목전', '연변', '체육', '총회', '등록', '체육', '사회', '단체', '조직', '개', '개', '체육', '사회', '단체', '조직', '등록', '준비', '대중', '체육', '운동', '보급', '발전', '위해', '체육', '사회', '단체', '조직', '말단', '조직', '대한', '건설', '구상', '내', '사업', '중점', '돌파구', '삼고있다', '시', '현', '향', '진', '가두', '사회', '구역', '촌', '즉', '층층', '체육', '사회', '단체', '조직', '대한', '관리', '체제', '진', '일보', '간의', '관계', '조치', '내', '구체', '하면', '연변', '체육', '총회', '소속', '체육', '사회', '단체', '조직', '유', '산재', '동류', '종목', '체육', '사회', '단체', '조직', '관계', '처리', '관계', '순통', '함', '포옹', '말단', '조직', '피복', '면적', '늘이는것이다', '체육', '사회', '단체', '조직', '대해', '관리', '조치', '취하', '체육', '사회', '단체', '조직', '대한', '년도', '심사', '사업', '계기', '조건', '구비', '체육', '사회', '단체', '조직', '자체', '직책', '리행', '정상', '활동', '년도', '검사', '참가', '하지', '개별', '체육', '사회', '단체', '조직', '대해', '경고', '즉', '내', '효과', '할', '등록', '자격', '취소', '상급', '부문', '급', '체육', '사회', '단체', '대한', '통지', '정신', '개', '급', '체육', '사회', '단체', '조직', '일체', '활동', '취소', '즉', '조건', '구비', '무술', '협회', '중국장기', '협회', '빙설', '협회', '협회', '급', '체육', '사회', '단체', '조직', '전환', '협회', '조건', '부', '체육', '사회', '단체', '조직', '활동', '경기', '대해', '규제', '가', '체육', '사회', '단체', '조직', '활동', '경기', '대한', '관리', '규범', '화해', '단체', '조직', '체육', '활동', '경기', '질적', '담보', '즉', '체육', '사회', '단체', '조직', '활동', '경기', '대해', '사전', '심사', '관리제', '도의', '강도', '하면', '체육', '총회', '소속', '체육', '사회', '단체', '활동', '경기', '진행', '활동', '경기', '직세', '체육', '총회', '심사', '제도', '엄수', '만약', '심사', '활동', '경기', '해당', '조례', '활동', '경기', '중지', '상', '기자', '사진', '차기', '연변', '인기', '사진', '경기', '한', '장면', '허성', '기자']
http://www.iybrb.com/sport/content/2010-07/15/35_69347.html	한백 연변축구팀에 물품 지원	75	3	49	15	8	['스포츠', '팀', '스포츠']	['한국', '광동', '제약', '연길', '백', '대리점', '경리', '연변', '구단', '경영', '부의', '챔', '수건', '한국', '천연', '홍삼', '등', '물품', '지원', '수건', '장', '입점', '협회', '회장', '자신', '다년', '연변', '생활', '해오고있는', '한국', '씨', '연변', '지역', '사회', '자선', '행사', '인사', '명', '역시', '지난', '년', '연변', '구단', '닿는대로', '관심', '준', '인사', '사진', '기자']
http://www.iybrb.com/sport/content/2010-07/15/35_71416.html	성 제16회 경기대회청소년조 롱구경기 원만히 결속	82	10	58	12	2	['하키', '팀', '팀', '팀', '팀', '팀', '팀', '팀', '팀', '팀']	['체육', '체육', '산하', '탁구', '롱구', '무술', '운동', '관리', '쎈터', '주최', '체육', '연변', '체육', '운동', '관리', '쎈터', '공동', '주관', '길림성', '경기', '대회', '청소년', '롱구', '경기', '연변', '대학', '체육관', '결속', '차', '경기', '성내', '개', '출전', '갑', '병조', '치러졌다', '경기', '결과', '사평시', '연길시', '각각', '녀자', '갑', '연길시', '사평', '녀', '조', '장춘', '길림시', '연변', '남자', '병조', '실습생', '한우', '사진', '윤', '균', '기자']
http://www.iybrb.com/sport/content/2010-07/15/35_71417.html	한백 연변축구팀에 물품 지원	75	3	49	15	8	['스포츠', '팀', '스포츠']	['한국', '광동', '제약', '연길', '백', '대리점', '경리', '연변', '구단', '경영', '부의', '챔', '수건', '한국', '천연', '홍삼', '등', '물품', '지원', '수건', '장', '입점', '협회', '회장', '자신', '다년', '연변', '생활', '해오고있는', '한국', '씨', '연변', '지역', '사회', '자선', '행사', '인사', '명', '역시', '지난', '년', '연변', '구단', '닿는대로', '관심', '준', '인사', '사진', '기자']
http://www.iybrb.com/sport/content/2010-07/12/35_71408.html	“전지훈련 통해 팀의 보완점 잘 보아냈다”	125	6	79	36	4	['팀', '팀', '펼칠것이라면서', '팬', '컨디션', '팀']	['한국', '훈련', '통해', '보완', '점', '보아', '공항', '취재', '수시', '김광주', '감독', '이번', '훈련', '감회', '개괄', '김광주', '감독', '선수', '객관', '환경', '요소', '극복', '의욕', '훈련', '소화', '이번', '훈련', '예기', '성과', '김광주', '감독', '연변', '약점', '진과', '공격수', '배합', '면', '집중', '보완', '등', '주력', '공격수', '득점', '고가', '급선무', '오후', '소집', '집중', '훈련', '면', '훈련', '내용', '내비', '한편', '김광주', '감독', '대', '성도', '전', '최소한', '지지', '경기', '열띤', '응원', '감독', '현재', '선수', '외', '상병', '선수', '선수', '분위기', '등', '내부', '결속', '강화', '사진', '허성', '기자']
http://www.iybrb.com/sport/content/2010-07/12/35_69339.html	연변축구팀 한국 전지훈련 마치고 귀환	169	14	114	36	5	['팀', '졸라', '레이', '팀', '팀워크', '팀', '리그', '시티즌', '팀', '팀', '팀', '팀', '팀', '팀']	['지난', '한국', '훈련', '연변', '오후', '인천', '연길', '국제항', '편', '통해', '연길', '귀환', '이번', '한국', '훈련', '김광주', '김영수', '정', '학', '등', '명의', '감독', '진과', '등', '명의', '외적', '용병', '포함', '선수단', '명', '참가', '김광주', '감독', '연변', '한국', '남우', '경기장', '호남', '이동해', '한층', '한국', '소속', '평가전', '오후', '치러진', '차', '접전', '대', '유망', '주', '무승부', '견인', '해내', '한국', '보도', '매체', '집중', '조명', '치러진', '차', '접전', '상대', '실력', '대', '패배', '감수', '경기', '주력', '수비', '문', '부상', '대', '성도', '전', '투입', '설상가상', '현재', '의사', '재활', '치료', '선수', '개인', '자체', '실정', '한편', '연변', '오후', '성도', '전', '대비', '집중', '훈련', '점', '기록', '순위', '머물고있는', '연변', '오후', '연길시', '인민', '경기장', '성도', '륜', '승', '패', '점', '기록', '순위', '과', '박빙', '승부', '사진', '허성', '기자']
http://www.iybrb.com/sport/content/2010-07/22/35_69361.html	김광주—범지의, 이번엔 누가 웃을가?	130	13	83	31	3	['팀', '팀', '팀', '팀', '올림픽', '팀', '팀', '팀', '팀', '팀', '팀', '패스', '팬']	['국가', '선수', '출신', '김광주', '감독', '의', '감독', '승부', '오후', '연변', '연길시', '인민', '경기장', '상해', '물러설수', '대결', '접전', '예상', '륜', '북경', '대', '무승부', '하학', '위기', '몰리고있는', '의', '감독', '연변', '정전', '승리', '현재', '위기', '타개', '하려', '승', '패', '점', '기록', '순위', '머물고있는', '승인', '강팀', '수명', '선수', '수준', '외적', '용병', '보유', '연변', '상대', '하기에는', '최근', '련패', '당한', '연변', '김광주', '감독', '승리', '상태', '최근', '연변', '경기', '수비', '집중', '고유', '과감', '돌파', '승부', '욕', '등', '사라져가고있다는', '물러설수', '이기', '김광주', '감독', '대', '상해', '아전', '총력', '기울일것으로', '위해', '경기', '기대']
http://www.iybrb.com/sport/content/2010-07/12/35_71410.html	연변축구팀 한국 전지훈련 마치고 귀환	169	14	114	36	5	['팀', '졸라', '레이', '팀', '팀워크', '팀', '리그', '시티즌', '팀', '팀', '팀', '팀', '팀', '팀']	['지난', '한국', '훈련', '연변', '오후', '인천', '연길', '국제항', '편', '통해', '연길', '귀환', '이번', '한국', '훈련', '김광주', '김영수', '정', '학', '등', '명의', '감독', '진과', '등', '명의', '외적', '용병', '포함', '선수단', '명', '참가', '김광주', '감독', '연변', '한국', '남우', '경기장', '호남', '이동해', '한층', '한국', '소속', '평가전', '오후', '치러진', '차', '접전', '대', '유망', '주', '무승부', '견인', '해내', '한국', '보도', '매체', '집중', '조명', '치러진', '차', '접전', '상대', '실력', '대', '패배', '감수', '경기', '주력', '수비', '문', '부상', '대', '성도', '전', '투입', '설상가상', '현재', '의사', '재활', '치료', '선수', '개인', '자체', '실정', '한편', '연변', '오후', '성도', '전', '대비', '집중', '훈련', '점', '기록', '순위', '머물고있는', '연변', '오후', '연길시', '인민', '경기장', '성도', '륜', '승', '패', '점', '기록', '순위', '과', '박빙', '승부', '사진', '허성', '기자']
http://www.iybrb.com/sport/content/2010-07/15/35_69338.html	성 제16경기대회 레슬링경기 첸궈현서	85	1	61	8	15	['레슬링']	['송원시', '민족', '체육관', '성', '경기', '대회', '경기', '연변', '선수', '금', '은', '성과', '차', '경기', '성내', '개', '여명', '선수', '참가', '연변', '명', '선수', '출전', '자체', '기술', '풍격', '발휘', '영예', '금메달', '조', '자유', '이하', '조서', '조', '자유', '이하', '태평', '조', '고전', '이하', '은메달', '사건', '남자', '병조', '자유', '이하', '조', '자유', '이하', '정연', '매', '녀자', '갑', '자유', '이하', '동메달', '점전', '조', '자유', '이하', '종합']
http://www.iybrb.com/sport/content/2010-07/15/35_71409.html	성 제16경기대회 레슬링경기 첸궈현서	85	1	61	8	15	['레슬링']	['송원시', '민족', '체육관', '성', '경기', '대회', '경기', '연변', '선수', '금', '은', '성과', '차', '경기', '성내', '개', '여명', '선수', '참가', '연변', '명', '선수', '출전', '자체', '기술', '풍격', '발휘', '영예', '금메달', '조', '자유', '이하', '조서', '조', '자유', '이하', '태평', '조', '고전', '이하', '은메달', '사건', '남자', '병조', '자유', '이하', '조', '자유', '이하', '정연', '매', '녀자', '갑', '자유', '이하', '동메달', '점전', '조', '자유', '이하', '종합']
http://www.iybrb.com/sport/content/2010-05/30/35_69296.html	“팀워크 점점 다져져간다”	132	11	73	41	7	['팀', '만나', '하프', '팀', '팀', '팀', '팀워크', '월드컵', '팀', '팀', '팬']	['경기', '연변', '선수', '휴식', '김광주', '감독', '김광주', '감독', '대', '심양', '전', '점', '목표', '점', '내심', '김광주', '감독', '평', '평가', '전반전', '경기', '피동', '처', '전반전', '결속', '선수', '선장', '악', '주문', '후반전', '감독', '진의', '요구', '선수', '후반전', '연변', '동권', '상대', '몰아', '차례', '득점', '기회', '선수', '투혼', '집중', '찬사', '김광주', '감독', '현재', '연변', '선수', '단결', '분위기', '어린', '선수', '발전', '점점', '일정', '기간', '약속', '한편', '김광주', '감독', '천리', '원정', '응원', '선수', '실어', '준', '연변', '축구', '표', '기자']
http://www.iybrb.com/sport/content/2010-07/15/35_69340.html	성 제16회경기대회 유도경기 료원서	90	1	64	6	19	['팀']	['성', '경기', '대회', '유도', '경기', '청소년', '가', '료', '원시', '차', '경기', '연변', '체육', '운동', '학교', '유도', '명', '선수', '참전', '금메달', '매', '은메달', '매', '동메달', '매', '성적', '금메달', '항', '조', '이하', '녀자', '갑', '이하', '옥설', '녀', '조', '이하', '은메달', '진일', '남자', '갑', '홍', '녀', '조', '이하', '동메달', '남자', '갑', '이하', '남자', '갑', '이하', '남자', '갑', '이하', '봉', '조', '이하', '녀', '조', '이하', '녀자', '병조', '이하']
http://www.iybrb.com/sport/content/2010-05/30/35_71366.html	“막내들” 연변의 미래 꿈꾼다	164	15	95	44	10	['멀티', '팀', '레이', '팀', '이란', '멀티', '팀', '팀', '윙', '팀', '스타', '라운드', '보이', '팀', '팀']	['연변', '미래', '신예', '수비수', '리민', '선수', '최인', '대주', '신진', '충국', '등', '연변', '대', '심양', '진전', '수준', '활약', '자신', '장밋빛', '미래', '예고', '감독', '진', '리민', '선수', '대해', '능', '주전', '선수', '수비수', '재능', '선수', '주전', '중앙', '수비', '발탁', '나발', '별명', '통', '최인', '선수', '감독', '진', '선수', '공인', '선수', '연변', '대학', '활약', '현', '연변', '활약', '대주', '현', '국가', '청년', '주장', '맹활약', '감치', '주목', '차세대', '재목', '평가', '현재', '만난', '신진', '충국', '잠재력', '선수', '시간', '주전', '부상', '근성', '창의', '돌파', '시도', '선수', '위치', '선정', '등', '면', '약점', '연변', '존재', '선수', '성공', '리민', '최인', '충국', '등', '어린', '선수', '연변', '미래', '기대']
http://www.iybrb.com/sport/content/2010-06/10/35_69304.html	친선을 도모하고 기예를 비긴다	140	1	99	37	3	['컵']	['과학', '적발', '전관', '전면', '관철', '민', '건신', '조례', '실시', '체육', '대국', '체육', '강국', '매진', '시각', '대회', '의의', '연길시', '문구', '세계', '전국', '조선족', '문구', '초청', '경기', '개막식', '주로', '체육', '협회', '박주', '홍', '주석', '소감', '동북', '성과', '내몽골', '조선족', '대거', '참가', '차', '초청', '경기', '조직', '목적', '문구', '통해', '로간', '감정', '교류', '친선', '기술', '이번', '경기', '통해', '단결', '건강', '도모', '경기', '참가', '건강', '부탁', '한편', '연변', '선수', '이번', '경기', '통해', '타지방', '선수', '기술', '허심', '학습', '연변', '수준', '차원', '높일것을', '요구', '박주', '홍', '주석', '이번', '경기', '진정', '운동', '건강', '쾌락', '행복', '차', '대회', '친선', '건강', '상호', '학습', '교류', '회', '나기', '기자', '실습생', '한우']
http://www.iybrb.com/sport/content/2010-06/10/35_71375.html	친선을 도모하고 기예를 비긴다	140	1	99	37	3	['컵']	['과학', '적발', '전관', '전면', '관철', '민', '건신', '조례', '실시', '체육', '대국', '체육', '강국', '매진', '시각', '대회', '의의', '연길시', '문구', '세계', '전국', '조선족', '문구', '초청', '경기', '개막식', '주로', '체육', '협회', '박주', '홍', '주석', '소감', '동북', '성과', '내몽골', '조선족', '대거', '참가', '차', '초청', '경기', '조직', '목적', '문구', '통해', '로간', '감정', '교류', '친선', '기술', '이번', '경기', '통해', '단결', '건강', '도모', '경기', '참가', '건강', '부탁', '한편', '연변', '선수', '이번', '경기', '통해', '타지방', '선수', '기술', '허심', '학습', '연변', '수준', '차원', '높일것을', '요구', '박주', '홍', '주석', '이번', '경기', '진정', '운동', '건강', '쾌락', '행복', '차', '대회', '친선', '건강', '상호', '학습', '교류', '회', '나기', '기자', '실습생', '한우']
http://www.iybrb.com/sport/content/2010-06/10/35_71376.html	연변3부락장기클럽 설립 3돐 및 조선족장기경기 진행	81	4	53	19	5	['클럽', '클럽', '클럽', '클럽']	['연변', '부락', '설립', '주민', '정국', '초대', '조선족', '경기', '진행', '이번', '경기', '연변', '부락', '소속', '하남', '가두', '회', '북산', '가두', '회', '천진', '회', '회', '신흥', '가두', '회', '등', '회원', '여명', '참가', '뇌즙', '대국', '결과', '신흥', '가두', '회', '우승', '천진', '회', '준우승', '신흥', '가두', '회', '민', '북산', '가두', '회', '기자', '사진', '연변', '부락', '장기', '제공']
http://www.iybrb.com/sport/content/2010-06/10/35_69306.html	이색적인 원로 테니스경기 펼쳐	180	8	117	47	8	['테니스', '테니스', '테니스', '테니스', '테니스', '테니스', '테니스', '테니스']	['주로', '체육', '협회', '연변', '조선족', '자치주', '인권', '익', '보장', '법', '진', '일보', '관철', '장수로', '공대', '취지', '연길시', '테니스장', '이색', '원로', '경기', '주로', '체육', '협회', '협회', '주최', '연길시', '협회', '주관', '차', '원로', '경기', '주내', '각', '현', '시', '자신', '건강', '연변', '운동', '발기', '보급', '기여', '여명', '이상', '출전', '년세', '제일', '연길시', '표', '진로', '복식', '방식', '조직', '이번', '경기', '연길시', '리', '모', '마광', '인종', '등', '금메달', '연길시', '명찬', '리학', '봉', '최근', '훈춘시', '남렬', '등', '은메달', '기타', '명', '동메달', '기후', '좌상', '표', '진로', '의', '경기', '음식', '환대', '계속', '경기', '조직', '고', '자신', '문제', '호언', '장담', '리학', '봉로', '도', '사회', '인권', '익', '보장', '법도', '산다', '고', '기타', '도', '자신', '운동', '참가', '하여', '건강', '사회', '가정', '자녀', '부담', '화목', '행복', '가꾸기를', '부탁', '리']
http://www.iybrb.com/sport/content/2010-07/22/35_71431.html	김광주—범지의, 이번엔 누가 웃을가?	130	13	83	31	3	['팀', '팀', '팀', '팀', '올림픽', '팀', '팀', '팀', '팀', '팀', '팀', '패스', '팬']	['국가', '선수', '출신', '김광주', '감독', '의', '감독', '승부', '오후', '연변', '연길시', '인민', '경기장', '상해', '물러설수', '대결', '접전', '예상', '륜', '북경', '대', '무승부', '하학', '위기', '몰리고있는', '의', '감독', '연변', '정전', '승리', '현재', '위기', '타개', '하려', '승', '패', '점', '기록', '순위', '머물고있는', '승인', '강팀', '수명', '선수', '수준', '외적', '용병', '보유', '연변', '상대', '하기에는', '최근', '련패', '당한', '연변', '김광주', '감독', '승리', '상태', '최근', '연변', '경기', '수비', '집중', '고유', '과감', '돌파', '승부', '욕', '등', '사라져가고있다는', '물러설수', '이기', '김광주', '감독', '대', '상해', '아전', '총력', '기울일것으로', '위해', '경기', '기대']
http://www.iybrb.com/sport/content/2010-06/10/35_71377.html	이색적인 원로 테니스경기 펼쳐	180	8	117	47	8	['테니스', '테니스', '테니스', '테니스', '테니스', '테니스', '테니스', '테니스']	['주로', '체육', '협회', '연변', '조선족', '자치주', '인권', '익', '보장', '법', '진', '일보', '관철', '장수로', '공대', '취지', '연길시', '테니스장', '이색', '원로', '경기', '주로', '체육', '협회', '협회', '주최', '연길시', '협회', '주관', '차', '원로', '경기', '주내', '각', '현', '시', '자신', '건강', '연변', '운동', '발기', '보급', '기여', '여명', '이상', '출전', '년세', '제일', '연길시', '표', '진로', '복식', '방식', '조직', '이번', '경기', '연길시', '리', '모', '마광', '인종', '등', '금메달', '연길시', '명찬', '리학', '봉', '최근', '훈춘시', '남렬', '등', '은메달', '기타', '명', '동메달', '기후', '좌상', '표', '진로', '의', '경기', '음식', '환대', '계속', '경기', '조직', '고', '자신', '문제', '호언', '장담', '리학', '봉로', '도', '사회', '인권', '익', '보장', '법도', '산다', '고', '기타', '도', '자신', '운동', '참가', '하여', '건강', '사회', '가정', '자녀', '부담', '화목', '행복', '가꾸기를', '부탁', '리']
http://www.iybrb.com/sport/content/2010-06/10/35_69307.html	연변팀 한국 프로팀과의 평가전 준비한다	143	17	89	25	12	['시즌', '팀', '팀', '팀워크', '팀', '팀', '팀', '팀', '팀', '올림픽', '팀', '프로', '팀', '팀', '팀워크', '팀', '팬']	['단계', '륜', '김광주', '감독', '연변', '승', '패', '점', '기록', '순위', '비교', '리', '상적', '성적', '경기일정', '연변', '한층', '시간', '연변', '지난', '본격', '집중', '훈련', '김광주', '감독', '현재', '연변', '연변', '대학', '체육', '회복', '훈련', '계획', '도문시', '인민', '경기장', '훈련', '할', '예정', '조건', '등', '시설', '미비', '계획', '최소', '김광주', '감독', '현재', '연변', '명', '외적', '용병', '훈련', '합류', '국가', '청년', '국가', '소속', '훈련', '동참', '현재', '구단', '측은', '한국', '평가전', '적극', '추진', '연변', '한국', '향', '발해', '성도', '전', '전', '연길', '귀환', '김광주', '감독', '휴전', '기간', '훈련', '통해', '단계', '경기', '약점', '보완', '축구', '약속', '기자']
http://www.iybrb.com/sport/content/2010-06/10/35_69305.html	연변3부락장기클럽 설립 3돐 및 조선족장기경기 진행	81	4	53	19	5	['클럽', '클럽', '클럽', '클럽']	['연변', '부락', '설립', '주민', '정국', '초대', '조선족', '경기', '진행', '이번', '경기', '연변', '부락', '소속', '하남', '가두', '회', '북산', '가두', '회', '천진', '회', '회', '신흥', '가두', '회', '등', '회원', '여명', '참가', '뇌즙', '대국', '결과', '신흥', '가두', '회', '우승', '천진', '회', '준우승', '신흥', '가두', '회', '민', '북산', '가두', '회', '기자', '사진', '연변', '부락', '장기', '제공']
http://www.iybrb.com/sport/content/2010-06/17/35_69310.html	전국자전거선수권경기 과외조서 연변선수들 우승 독차지	147	9	105	26	7	['펜싱', '클럽', '클럽', '클럽', '클럽', '클럽', '클럽', '클럽', '클럽']	['국가', '체육', '자전거', '운동', '관리', '쎈터', '주최', '길림성', '송원시', '인민', '정부', '간호', '개발', '구', '관리', '위원회', '주관', '문화', '전파', '유한회사', '협조', '호풍', '경구', '환', '간호', '전국', '자전거', '선수권', '경기', '구역', '경기', '과외', '경기', '연변', '자전거', '선수', '도로', '자전거', '산악자전거', '종목', '우승', '차', '자전거경기', '연변', '명', '선수', '연길', '영구', '자전거', '명', '연변', '설산', '비호', '자전거', '명', '출전', '제일', '선수', '제일', '어린', '선수', '약', '간고', '훈련', '경기', '출전', '도로', '자전거', '종목', '리군', '연길', '영구', '자전거', '연변', '설산', '비호', '자전거', '왕위', '연길', '영구', '자전거', '연길', '영구', '자전거', '연길', '영구', '자전거', '각각', '산악자전거', '종목', '호', '양빈', '장국', '보', '이상', '연길', '영구', '자전거', '각기', '획득', '기자', '사진', '자전거', '협회', '제공']
http://www.iybrb.com/sport/content/2010-06/10/35_71378.html	연변팀 한국 프로팀과의 평가전 준비한다	143	17	89	25	12	['시즌', '팀', '팀', '팀워크', '팀', '팀', '팀', '팀', '팀', '올림픽', '팀', '프로', '팀', '팀', '팀워크', '팀', '팬']	['단계', '륜', '김광주', '감독', '연변', '승', '패', '점', '기록', '순위', '비교', '리', '상적', '성적', '경기일정', '연변', '한층', '시간', '연변', '지난', '본격', '집중', '훈련', '김광주', '감독', '현재', '연변', '연변', '대학', '체육', '회복', '훈련', '계획', '도문시', '인민', '경기장', '훈련', '할', '예정', '조건', '등', '시설', '미비', '계획', '최소', '김광주', '감독', '현재', '연변', '명', '외적', '용병', '훈련', '합류', '국가', '청년', '국가', '소속', '훈련', '동참', '현재', '구단', '측은', '한국', '평가전', '적극', '추진', '연변', '한국', '향', '발해', '성도', '전', '전', '연길', '귀환', '김광주', '감독', '휴전', '기간', '훈련', '통해', '단계', '경기', '약점', '보완', '축구', '약속', '기자']
http://www.iybrb.com/sport/content/2010-06/12/35_69308.html	전국조선족문구초청경기 원만히 결속	131	19	85	21	6	['컵', '팀', '팀', '팀', '팀', '팀', '팀', '팀', '팀', '팀', '팀', '팀', '팀', '팀', '팀', '팀', '팀', '팀', '팀']	['주로', '체육', '협회', '세계', '발행', '위원회', '협회', '주최', '연길', '체육', '협회', '연길시', '협회', '협조', '세계', '전국', '조선족', '초청', '경기', '연길시', '문구', '결속', '감정', '친선', '기술', '단결', '신체', '취지', '차', '경기', '동북', '성', '내몽골', '등지', '여개', '여명', '선수', '출전', '전례', '명절', '분위기', '성황', '경기', '결과', '여', '실력', '발휘', '우승', '보좌', '훈춘시', '영자', '훈춘시', '직속', '기관', '각각', '흑룡강성', '계동', '계림', '직속', '기관', '비호', '훈춘시', '농업', '은행', '공안', '등', '개', '획득', '한편', '내몽골', '대련시', '목단강시', '녀자', '흑룡강성', '호림시', '산시', '동창', '연변', '예원', '등', '체육', '도덕', '격상', '사진', '기자']
http://www.iybrb.com/sport/content/2010-06/12/35_71379.html	전국조선족문구초청경기 원만히 결속	131	19	85	21	6	['컵', '팀', '팀', '팀', '팀', '팀', '팀', '팀', '팀', '팀', '팀', '팀', '팀', '팀', '팀', '팀', '팀', '팀', '팀']	['주로', '체육', '협회', '세계', '발행', '위원회', '협회', '주최', '연길', '체육', '협회', '연길시', '협회', '협조', '세계', '전국', '조선족', '초청', '경기', '연길시', '문구', '결속', '감정', '친선', '기술', '단결', '신체', '취지', '차', '경기', '동북', '성', '내몽골', '등지', '여개', '여명', '선수', '출전', '전례', '명절', '분위기', '성황', '경기', '결과', '여', '실력', '발휘', '우승', '보좌', '훈춘시', '영자', '훈춘시', '직속', '기관', '각각', '흑룡강성', '계동', '계림', '직속', '기관', '비호', '훈춘시', '농업', '은행', '공안', '등', '개', '획득', '한편', '내몽골', '대련시', '목단강시', '녀자', '흑룡강성', '호림시', '산시', '동창', '연변', '예원', '등', '체육', '도덕', '격상', '사진', '기자']
http://www.iybrb.com/sport/content/2010-06/17/35_71380.html	전국자전거선수권경기 과외조서 연변선수들 우승 독차지	147	9	105	26	7	['펜싱', '클럽', '클럽', '클럽', '클럽', '클럽', '클럽', '클럽', '클럽']	['국가', '체육', '자전거', '운동', '관리', '쎈터', '주최', '길림성', '송원시', '인민', '정부', '간호', '개발', '구', '관리', '위원회', '주관', '문화', '전파', '유한회사', '협조', '호풍', '경구', '환', '간호', '전국', '자전거', '선수권', '경기', '구역', '경기', '과외', '경기', '연변', '자전거', '선수', '도로', '자전거', '산악자전거', '종목', '우승', '차', '자전거경기', '연변', '명', '선수', '연길', '영구', '자전거', '명', '연변', '설산', '비호', '자전거', '명', '출전', '제일', '선수', '제일', '어린', '선수', '약', '간고', '훈련', '경기', '출전', '도로', '자전거', '종목', '리군', '연길', '영구', '자전거', '연변', '설산', '비호', '자전거', '왕위', '연길', '영구', '자전거', '연길', '영구', '자전거', '연길', '영구', '자전거', '각각', '산악자전거', '종목', '호', '양빈', '장국', '보', '이상', '연길', '영구', '자전거', '각기', '획득', '기자', '사진', '자전거', '협회', '제공']
http://www.iybrb.com/sport/content/2010-05/30/35_71367.html	“팀워크 점점 다져져간다”	132	11	73	41	7	['팀', '만나', '하프', '팀', '팀', '팀', '팀워크', '월드컵', '팀', '팀', '팬']	['경기', '연변', '선수', '휴식', '김광주', '감독', '김광주', '감독', '대', '심양', '전', '점', '목표', '점', '내심', '김광주', '감독', '평', '평가', '전반전', '경기', '피동', '처', '전반전', '결속', '선수', '선장', '악', '주문', '후반전', '감독', '진의', '요구', '선수', '후반전', '연변', '동권', '상대', '몰아', '차례', '득점', '기회', '선수', '투혼', '집중', '찬사', '김광주', '감독', '현재', '연변', '선수', '단결', '분위기', '어린', '선수', '발전', '점점', '일정', '기간', '약속', '한편', '김광주', '감독', '천리', '원정', '응원', '선수', '실어', '준', '연변', '축구', '표', '기자']
http://www.iybrb.com/sport/content/2010-06/17/35_69311.html	“탁구협회컵” 및 “장백산컵” 탁구경기 펼친다	90	3	65	21	1	['컵', '컵', '시즌']	['탁구', '협회', '전', '주', '탁구', '협회', '장백산', '탁구', '경기', '탁구', '협회', '활동', '쎈터', '재정', '학교', '서쪽', '서', '탁구', '협회', '주최', '길림성', '연초', '업유', '책임', '회사', '협조', '차', '경기', '연변', '탁구', '최고', '수준', '대표', '경기', '창건', '일인', '이번', '경기', '연길', '진행', '전국', '소수민족', '탁구', '경기', '연길', '개최', '중국', '탁구', '협회', '회원', '길경', '기구', '경기', '준비', '차', '경기', '통해', '연변', '선수', '선발', '상술', '대', '경기', '출전', '기자']
http://www.iybrb.com/sport/content/2010-07/22/35_69360.html	2010년 전국 소수민족탁구경기 연변서 펼친다	103	3	78	16	6	['팀', '팀', '팀']	['체육', '민족', '종교', '사무국', '주최', '탁구', '협회', '주관', '사상', '중국', '소수민족', '탁구', '경기', '전국', '소수민족', '탁구', '경기', '탁구', '협회', '활동', '쎈터', '재정', '학교', '진행', '차', '경기', '호남', '상서', '묘족', '자치주', '내몽골', '흑룡강성', '할', '연변', '등', '지구', '소수민족', '선수', '빈', '해변', '강', '한국', '서울시', '특별', '초청', '여개', '출전', '남녀', '집단', '단식', '종목', '쟁탈전', '탁구', '협회', '해당', '책임자', '탁구', '협회', '중국', '소수민족', '지구', '탁구', '수준', '고', '보급', '위해', '년전', '이번', '경기', '진행', '위해', '동분서주', '국가', '체육', '탁구', '쎈터', '긍정', '기자']
http://www.iybrb.com/sport/content/2010-06/03/35_69300.html	연길시 중소학교 륙상경기대회 펼쳐	79	0	61	17	1	[]	['연길시', '교육', '주최', '연길시', '출판', '체육', '주관', '연길시', '중소', '학교', '륙', '대회', '연길시', '인민', '경기장', '진행', '이번', '대회', '연길시', '개', '중소', '학교', '명', '선수', '참가', '개', '조', '개', '종목', '치렬', '쟁탈', '경기', '결과', '중조', '연길시', '고급', '중학교', '초', '중조', '연길시', '중학교', '향진', '구역', '초', '중조', '연길시', '집중', '학교', '학교', '연길시', '북산', '학교', '향진', '구역', '학교', '연길시', '학교', '각각', '집단', '우승', '기자']
http://www.iybrb.com/sport/content/2010-06/03/35_71370.html	연길시 중소학교 륙상경기대회 펼쳐	79	0	61	17	1	[]	['연길시', '교육', '주최', '연길시', '출판', '체육', '주관', '연길시', '중소', '학교', '륙', '대회', '연길시', '인민', '경기장', '진행', '이번', '대회', '연길시', '개', '중소', '학교', '명', '선수', '참가', '개', '조', '개', '종목', '치렬', '쟁탈', '경기', '결과', '중조', '연길시', '고급', '중학교', '초', '중조', '연길시', '중학교', '향진', '구역', '초', '중조', '연길시', '집중', '학교', '학교', '연길시', '북산', '학교', '향진', '구역', '학교', '연길시', '학교', '각각', '집단', '우승', '기자']
http://www.iybrb.com/sport/content/2010-06/07/35_69302.html	월드컵열기 생생히 전해준다	165	11	108	38	8	['월드컵', '팬', '뉴스', '월드컵', '월드컵', '스포츠', '뉴스', '월드컵', '팀', '팀', '월드컵']	['남아프리카공화국', '남아공', '략칭', '취재', '현장', '중국', '조선족', '기자', '길림신문', '연길', '현장', '취재', '출발', '원정', '취재', '김룡기자', '격려', '취재', '할당', '공식', '기자', '명', '소수민족', '신문기자', '취재', '획득', '필명', '청룡', '기자', '이번', '취재', '축구', '전하', '출발', '길림신문', '한정', '일부', '주필', '김룡기자', '이번', '취재', '획득', '과정', '취재', '일정', '대해', '소개', '중국', '조선족', '신문', '기자', '직접', '현장', '취재', '독자', '각도', '심', '원한', '의의', '본선', '진출', '조선', '한국', '취재', '세계', '기자', '점', '김룡기자', '남아', '공행', '기대', '고', '김룡기자', '북경', '항공', '편', '출발', '남아공', '도착', '하여', '본격', '취재', '활동', '시작', '귀국', '출발', '연변', '일보', '조', '한문', '연변', '방송국', '연변', '방송국', '연길시', '방송국', '등', '매체', '기자', '참가', '김룡기자', '취재', '길림신문', '창간', '특별', '기획', '행사', '기자']
http://www.iybrb.com/sport/content/2010-06/07/35_71372.html	월드컵열기 생생히 전해준다	165	11	108	38	8	['월드컵', '팬', '뉴스', '월드컵', '월드컵', '스포츠', '뉴스', '월드컵', '팀', '팀', '월드컵']	['남아프리카공화국', '남아공', '략칭', '취재', '현장', '중국', '조선족', '기자', '길림신문', '연길', '현장', '취재', '출발', '원정', '취재', '김룡기자', '격려', '취재', '할당', '공식', '기자', '명', '소수민족', '신문기자', '취재', '획득', '필명', '청룡', '기자', '이번', '취재', '축구', '전하', '출발', '길림신문', '한정', '일부', '주필', '김룡기자', '이번', '취재', '획득', '과정', '취재', '일정', '대해', '소개', '중국', '조선족', '신문', '기자', '직접', '현장', '취재', '독자', '각도', '심', '원한', '의의', '본선', '진출', '조선', '한국', '취재', '세계', '기자', '점', '김룡기자', '남아', '공행', '기대', '고', '김룡기자', '북경', '항공', '편', '출발', '남아공', '도착', '하여', '본격', '취재', '활동', '시작', '귀국', '출발', '연변', '일보', '조', '한문', '연변', '방송국', '연변', '방송국', '연길시', '방송국', '등', '매체', '기자', '참가', '김룡기자', '취재', '길림신문', '창간', '특별', '기획', '행사', '기자']
http://www.iybrb.com/sport/content/2010-07/22/35_69359.html	불안한 연변…안휘구방에 “덜미” 잡혀	119	9	67	40	3	['팀', '팀', '월드컵', '헤딩', '슛', '슛', '키퍼', '슛', '옐로카드']	['지난', '륜', '대', '치러진', '륜', '경기', '서도', '연변', '대', '패배', '후반기', '출발', '경기도', '숙제', '경기', '오후', '체육', '중심', '대', '안휘', '방과', '원정', '경기', '연변', '방', '맹공', '막지', '대', '패배', '감수', '휴식', '기', '효력', '발휘', '방전', '패인', '선수', '락', '자신감', '결핍', '개시', '기절', '외적', '용병', '단', '득점', '련결', '금지', '구내', '상대', '상대', '수비', '실수', '문대', '박성', '금지', '구내', '돌파', '상대', '수비벽', '박성', '상대', '수비', '반칙', '불만', '심판', '항의']
http://www.iybrb.com/sport/content/2010-06/03/35_71373.html	주리직휴양간부 문구경기 화룡서	57	0	42	12	3	[]	['로간', '부국', '주최', '전', '주', '리직', '휴양', '간부', '경기', '로간', '체육', '참여', '적극성', '과학', '고도', '문명', '생활', '방식', '추구', '전사', '회의', '건전', '조화', '발전', '촉진', '취지', '한', '차', '대회', '각', '현', '시', '로간', '부국', '대적', '지지', '쟁탈', '훈춘시', '우승', '준우승', '연길시', '기자']
http://www.iybrb.com/sport/content/2010-06/03/35_69301.html	주리직휴양간부 문구경기 화룡서	57	0	42	12	3	[]	['로간', '부국', '주최', '전', '주', '리직', '휴양', '간부', '경기', '로간', '체육', '참여', '적극성', '과학', '고도', '문명', '생활', '방식', '추구', '전사', '회의', '건전', '조화', '발전', '촉진', '취지', '한', '차', '대회', '각', '현', '시', '로간', '부국', '대적', '지지', '쟁탈', '훈춘시', '우승', '준우승', '연길시', '기자']
http://www.iybrb.com/sport/content/2010-06/10/35_69303.html	2010년 “로인세계”컵 전국 조선족문구초청경기 개막	70	2	56	9	3	['컵', '팀']	['주로', '체육', '협회', '세계', '발행', '위원회', '협회', '주최', '연길', '체육', '협회', '연길시', '협회', '협조', '세계', '전국', '조선족', '초청', '경기', '연길시', '문구', '성황리', '개막', '연변', '기사', '최대', '규모', '차', '전국', '조선족', '초청', '경기', '내몽골', '동북', '성', '각지', '여개', '여명', '선수', '출전', '쟁탈전', '개막식', '당위', '상무', '위원', '선전', '부', '부장', '참석', '대회', '개막', '선포', '사진', '기자', '실습생', '한우']
http://www.iybrb.com/sport/content/2010-07/15/35_69341.html	성 16회경기대회 권투경기 결속	102	1	66	15	20	['팀']	['장춘', '북', '체육관', '성', '경기', '대회', '권투', '경기', '연변', '선수', '금', '은', '성적', '이번', '경기', '연변', '체육', '운동', '학교', '권투', '명', '선수', '출전', '성내', '기타', '개', '지구', '선수', '치렬', '결과', '봉', '남자', '갑', '이상', '포화', '남자', '갑', '이하', '왕생', '조', '이하', '조', '이하', '가', '각각', '우승', '남자', '갑', '이하', '조', '이하', '란', '조', '이하', '각기', '준우승', '한욱', '남자', '갑', '이하', '남자', '갑', '이하', '조', '이하', '각각']
http://www.iybrb.com/sport/content/2010-07/15/35_71411.html	성 제16회경기대회 유도경기 료원서	90	1	64	6	19	['팀']	['성', '경기', '대회', '유도', '경기', '청소년', '가', '료', '원시', '차', '경기', '연변', '체육', '운동', '학교', '유도', '명', '선수', '참전', '금메달', '매', '은메달', '매', '동메달', '매', '성적', '금메달', '항', '조', '이하', '녀자', '갑', '이하', '옥설', '녀', '조', '이하', '은메달', '진일', '남자', '갑', '홍', '녀', '조', '이하', '동메달', '남자', '갑', '이하', '남자', '갑', '이하', '남자', '갑', '이하', '봉', '조', '이하', '녀', '조', '이하', '녀자', '병조', '이하']
http://www.iybrb.com/sport/content/2010-06/10/35_71374.html	2010년 “로인세계”컵 전국 조선족문구초청경기 개막	70	2	56	9	3	['컵', '팀']	['주로', '체육', '협회', '세계', '발행', '위원회', '협회', '주최', '연길', '체육', '협회', '연길시', '협회', '협조', '세계', '전국', '조선족', '초청', '경기', '연길시', '문구', '성황리', '개막', '연변', '기사', '최대', '규모', '차', '전국', '조선족', '초청', '경기', '내몽골', '동북', '성', '각지', '여개', '여명', '선수', '출전', '쟁탈전', '개막식', '당위', '상무', '위원', '선전', '부', '부장', '참석', '대회', '개막', '선포', '사진', '기자', '실습생', '한우']
http://www.iybrb.com/sport/content/2010-07/15/35_71412.html	성 16회경기대회 권투경기 결속	102	1	66	15	20	['팀']	['장춘', '북', '체육관', '성', '경기', '대회', '권투', '경기', '연변', '선수', '금', '은', '성적', '이번', '경기', '연변', '체육', '운동', '학교', '권투', '명', '선수', '출전', '성내', '기타', '개', '지구', '선수', '치렬', '결과', '봉', '남자', '갑', '이상', '포화', '남자', '갑', '이하', '왕생', '조', '이하', '조', '이하', '가', '각각', '우승', '남자', '갑', '이하', '조', '이하', '란', '조', '이하', '각기', '준우승', '한욱', '남자', '갑', '이하', '남자', '갑', '이하', '조', '이하', '각각']
http://www.iybrb.com/sport/content/2010-07/15/35_71415.html	성 16회경기대회 청소년 양궁경기 진행	223	14	170	31	8	['메터', '메터', '메터', '메터', '메터', '메터', '메터', '메터', '메터', '팀', '메터', '메터', '메터', '메터']	['체육', '산하', '사격', '양궁', '운동', '관리', '쎈터', '주최', '체육', '산하', '체육', '운동', '관리', '쎈터', '주관', '성', '청소년', '양궁', '경기', '연길시', '인민', '경기장', '차', '경기', '성내', '개', '여명', '선수', '출전', '남녀', '갑', '순위', '전', '집단', '전', '개인', '도태', '전', '조', '순위', '전', '집단', '전', '개인', '도태', '전', '병조', '순환', '종목', '순환', '전능', '종목', '등', '이번', '경기', '연변', '체육', '운동', '학교', '양궁', '명', '선수', '파견', '훈련', '시간', '반', '경기', '참가', '상황', '금', '은', '비교', '성적', '금메달', '장연', '려', '녀자', '병조', '순환', '종목', '은메달', '장연', '려', '녀자', '병조', '순환', '종목', '녀자', '병조', '개인', '단순', '환', '전능', '종목', '매', '남자', '갑', '집단', '장자', '황', '량', '영훈', '매', '남자', '갑', '집단', '도태', '전', '결승전', '장자', '황', '량', '영훈', '매', '집단', '리', '복', '포', '홍군', '매', '조', '집단', '도태', '전', '결승전', '리', '복', '포', '홍군', '동메달', '장연', '려', '녀자', '병조', '순환', '종목', '녀자', '병조', '순환', '종목', '매', '녀', '집단', '고', '령', '기', '매', '녀', '조', '집단', '도태', '전', '결승전', '고', '령', '기', '매', '리', '조', '개인', '전능', '순위', '전', '기자', '실습생', '한우', '사진', '윤', '균', '기자']
http://www.iybrb.com/sport/content/2010-07/15/35_71413.html	연길 체육복권팬 500만 대박 당첨	118	3	78	36	1	['팬', '팬', '팬']	['체육복', '관리', '쎈터', '전', '추첨', '체육복', '배렬', '기', '전국', '주', '상금', '가', '당첨', '주중', '연길', '한', '체육복', '당첨', '수가', '주', '번', '상금', '기적', '창조', '할', '빈맥', '집단', '연길', '회사', '연길시', '남쪽', '위치', '연변', '체육복', '호', '투', '주소', '주인', '이번', '기적', '창조', '체육복', '자신', '체육복', '권투', '주소', '복식', '투', '방식', '배렬', '과', '배렬', '체육복', '사군', '인상', '제일', '체육복', '일단', '자신', '선택', '주', '주', '의', '형식', '배렬', '배렬', '복식', '체육복', '사군', '이번', '단번', '주', '배렬', '복식', '체육복', '사', '상금', '기자']
http://www.iybrb.com/sport/content/2010-07/15/35_69345.html	성 16회경기대회 청소년 양궁경기 진행	223	14	170	31	8	['메터', '메터', '메터', '메터', '메터', '메터', '메터', '메터', '메터', '팀', '메터', '메터', '메터', '메터']	['체육', '산하', '사격', '양궁', '운동', '관리', '쎈터', '주최', '체육', '산하', '체육', '운동', '관리', '쎈터', '주관', '성', '청소년', '양궁', '경기', '연길시', '인민', '경기장', '차', '경기', '성내', '개', '여명', '선수', '출전', '남녀', '갑', '순위', '전', '집단', '전', '개인', '도태', '전', '조', '순위', '전', '집단', '전', '개인', '도태', '전', '병조', '순환', '종목', '순환', '전능', '종목', '등', '이번', '경기', '연변', '체육', '운동', '학교', '양궁', '명', '선수', '파견', '훈련', '시간', '반', '경기', '참가', '상황', '금', '은', '비교', '성적', '금메달', '장연', '려', '녀자', '병조', '순환', '종목', '은메달', '장연', '려', '녀자', '병조', '순환', '종목', '녀자', '병조', '개인', '단순', '환', '전능', '종목', '매', '남자', '갑', '집단', '장자', '황', '량', '영훈', '매', '남자', '갑', '집단', '도태', '전', '결승전', '장자', '황', '량', '영훈', '매', '집단', '리', '복', '포', '홍군', '매', '조', '집단', '도태', '전', '결승전', '리', '복', '포', '홍군', '동메달', '장연', '려', '녀자', '병조', '순환', '종목', '녀자', '병조', '순환', '종목', '매', '녀', '집단', '고', '령', '기', '매', '녀', '조', '집단', '도태', '전', '결승전', '고', '령', '기', '매', '리', '조', '개인', '전능', '순위', '전', '기자', '실습생', '한우', '사진', '윤', '균', '기자']
http://www.iybrb.com/sport/content/2010-07/22/35_71430.html	불안한 연변…안휘구방에 “덜미” 잡혀	119	9	67	40	3	['팀', '팀', '월드컵', '헤딩', '슛', '슛', '키퍼', '슛', '옐로카드']	['지난', '륜', '대', '치러진', '륜', '경기', '서도', '연변', '대', '패배', '후반기', '출발', '경기도', '숙제', '경기', '오후', '체육', '중심', '대', '안휘', '방과', '원정', '경기', '연변', '방', '맹공', '막지', '대', '패배', '감수', '휴식', '기', '효력', '발휘', '방전', '패인', '선수', '락', '자신감', '결핍', '개시', '기절', '외적', '용병', '단', '득점', '련결', '금지', '구내', '상대', '상대', '수비', '실수', '문대', '박성', '금지', '구내', '돌파', '상대', '수비벽', '박성', '상대', '수비', '반칙', '불만', '심판', '항의']
http://www.iybrb.com/sport/content/2010-07/15/35_69344.html	연길 체육복권팬 500만 대박 당첨	118	3	78	36	1	['팬', '팬', '팬']	['체육복', '관리', '쎈터', '전', '추첨', '체육복', '배렬', '기', '전국', '주', '상금', '가', '당첨', '주중', '연길', '한', '체육복', '당첨', '수가', '주', '번', '상금', '기적', '창조', '할', '빈맥', '집단', '연길', '회사', '연길시', '남쪽', '위치', '연변', '체육복', '호', '투', '주소', '주인', '이번', '기적', '창조', '체육복', '자신', '체육복', '권투', '주소', '복식', '투', '방식', '배렬', '과', '배렬', '체육복', '사군', '인상', '제일', '체육복', '일단', '자신', '선택', '주', '주', '의', '형식', '배렬', '배렬', '복식', '체육복', '사군', '이번', '단번', '주', '배렬', '복식', '체육복', '사', '상금', '기자']
http://www.iybrb.com/sport/content/2010-07/15/35_69346.html	성 제16회 경기대회청소년조 롱구경기 원만히 결속	82	10	58	12	2	['하키', '팀', '팀', '팀', '팀', '팀', '팀', '팀', '팀', '팀']	['체육', '체육', '산하', '탁구', '롱구', '무술', '운동', '관리', '쎈터', '주최', '체육', '연변', '체육', '운동', '관리', '쎈터', '공동', '주관', '길림성', '경기', '대회', '청소년', '롱구', '경기', '연변', '대학', '체육관', '결속', '차', '경기', '성내', '개', '출전', '갑', '병조', '치러졌다', '경기', '결과', '사평시', '연길시', '각각', '녀자', '갑', '연길시', '사평', '녀', '조', '장춘', '길림시', '연변', '남자', '병조', '실습생', '한우', '사진', '윤', '균', '기자']
http://www.iybrb.com/sport/content/2010-07/18/35_71420.html	한송봉 을급팀 귀주지성으로 이적	60	10	29	14	7	['팀', '팀', '리그', '팀', '팀', '팀', '팀', '팀', '시즌', '벤치']	['연변', '주장', '주지', '이적', '김광주', '감독', '주지', '급', '남방', '기구', '편입', '급', '련맹', '전', '결승', '경기', '진출', '생인', '연변', '갑', '진출', '공헌', '선수', '이후', '주장완장', '주력', '최근', '자신', '기자']
http://www.iybrb.com/sport/content/2010-07/15/35_69348.html	성도셀틱 잡고 선두그룹 진입 나선다	184	12	112	48	12	['팀', '팀', '키퍼', '레이', '하프', '팀', '팀', '팀', '카드', '시티즌', '보내고있다', '그룹']	['최근', '한국', '훈련', '통해', '조직', '연변', '전력', '완성', '도를', '높여가고있다', '연변', '현재', '성', '경기', '대회', '양궁', '연길시', '인민', '경기장', '리용', '룡정', '경기장', '김광주', '감독', '오후', '연길시', '인민', '경기장', '성도', '대결', '승전', '지난', '한국', '훈련', '부상', '당한', '주력', '수비', '문의', '상처', '완쾌', '대', '성도', '전', '투입', '대', '성도', '전', '김광주', '감독', '지문', '수비', '강', '청송', '문', '기용', '진', '박성', '최인', '선수', '투입', '격진', '선발', '기용', '산', '감독', '안정', '수비', '비해', '공격', '다소', '현재', '승', '패', '점', '기록', '순위', '차석', '머물고있다', '연변', '점수', '차이는', '점', '축구', '중원', '연변', '필승', '박성', '미완', '대기였던', '김광주', '감독', '조련', '지난', '한국', '평가전', '서도', '기록', '등', '최고', '현재', '선수', '승부', '욕', '연변', '성도', '잡고', '선두', '진입', '추가', '주목', '기자']
http://www.iybrb.com/sport/content/2010-07/18/35_69349.html	한송봉 을급팀 귀주지성으로 이적	60	10	29	14	7	['팀', '팀', '리그', '팀', '팀', '팀', '팀', '팀', '시즌', '벤치']	['연변', '주장', '주지', '이적', '김광주', '감독', '주지', '급', '남방', '기구', '편입', '급', '련맹', '전', '결승', '경기', '진출', '생인', '연변', '갑', '진출', '공헌', '선수', '이후', '주장완장', '주력', '최근', '자신', '기자']
http://www.iybrb.com/sport/content/2010-07/15/35_71418.html	성도셀틱 잡고 선두그룹 진입 나선다	184	12	112	48	12	['팀', '팀', '키퍼', '레이', '하프', '팀', '팀', '팀', '카드', '시티즌', '보내고있다', '그룹']	['최근', '한국', '훈련', '통해', '조직', '연변', '전력', '완성', '도를', '높여가고있다', '연변', '현재', '성', '경기', '대회', '양궁', '연길시', '인민', '경기장', '리용', '룡정', '경기장', '김광주', '감독', '오후', '연길시', '인민', '경기장', '성도', '대결', '승전', '지난', '한국', '훈련', '부상', '당한', '주력', '수비', '문의', '상처', '완쾌', '대', '성도', '전', '투입', '대', '성도', '전', '김광주', '감독', '지문', '수비', '강', '청송', '문', '기용', '진', '박성', '최인', '선수', '투입', '격진', '선발', '기용', '산', '감독', '안정', '수비', '비해', '공격', '다소', '현재', '승', '패', '점', '기록', '순위', '차석', '머물고있다', '연변', '점수', '차이는', '점', '축구', '중원', '연변', '필승', '박성', '미완', '대기였던', '김광주', '감독', '조련', '지난', '한국', '평가전', '서도', '기록', '등', '최고', '현재', '선수', '승부', '욕', '연변', '성도', '잡고', '선두', '진입', '추가', '주목', '기자']
http://www.iybrb.com/sport/content/2010-07/18/35_69350.html	김경도 새로운 한기 국가청년팀서 제외	56	5	33	13	5	['팀', '팀', '팀', '팀', '팀']	['무진', '감독', '지휘봉', '한기', '국가', '청년', '연변', '유망', '주', '제외', '지난', '한기', '국가', '청년', '자신', '실력', '립', '구축', '주장완장', '어린', '선수', '역경', '이자', '기회', '수도', '신진', '우선', '연변', '주전', '활약', '기회', '찾아올것이라', '기자']
http://www.iybrb.com/sport/content/2010-07/18/35_69352.html	연변축구에 푹 빠진 애심인사—엄태호	104	7	54	29	14	['시즌', '팀', '박스', '스포츠', '팬', '팀', '팀']	['연변', '축구', '한국', '광동', '제약', '연길', '백', '대리점', '경리', '대', '희전', '전날', '음료', '한국', '천연', '홍삼', '증정', '차례', '구단', '물품', '지원', '지난', '선수', '훈련', '시', '수건', '전해', '입점', '협회', '회장', '련', '계해', '장', '보', '이외', '연변', '축구팀', '생사', '고락', '연변', '축구', '협회', '일정', '고', '감독', '인연', '연변', '축구', '닿는대로', '사회', '각계', '지원이', '항상', '기자']
http://www.iybrb.com/sport/content/2010-07/18/35_71421.html	2010 갑급리그 경기결과 순위표	51	3	39	8	1	['홈팀', '팀', '록']	['결과', '원정', '안휘', '연변', '성도', '일지', '심양', '호북', '광주', '남경', '중방', '호남', '리', '공동', '순위', '승', '패', '득', '점수', '성도', '호남', '상도', '광주', '항', '상해', '호북', '연변', '심양', '북경', '광동', '일지', '안휘', '방', '상해', '중방', '남경', '유유', '북', '경리']
http://www.iybrb.com/sport/content/2010-07/18/35_71419.html	김경도 새로운 한기 국가청년팀서 제외	56	5	33	13	5	['팀', '팀', '팀', '팀', '팀']	['무진', '감독', '지휘봉', '한기', '국가', '청년', '연변', '유망', '주', '제외', '지난', '한기', '국가', '청년', '자신', '실력', '립', '구축', '주장완장', '어린', '선수', '역경', '이자', '기회', '수도', '신진', '우선', '연변', '주전', '활약', '기회', '찾아올것이라', '기자']
http://www.iybrb.com/sport/content/2010-07/18/35_69354.html	균형 잡힌 성도, 균형 잃은 연변	173	11	89	58	15	['팀', '홈팀', '팀', '프리킥', '패스', '프리킥', '팀', '멤버', '리그', '시즌', '팀']	['대', '성도', '전', '시사', '경기', '경기', '보면', '성도', '균형', '잡혀있었고', '연변', '균형', '말로', '평가', '선발', '출전', '신진', '배치', '공수', '전환', '담당', '수비', '대인', '방어', '미흡', '배분', '자신', '량', '변선', '수비', '반칙', '득점', '상대', '개인', '수비', '집중', '간접', '설명', '간판', '공격수', '상대', '수비', '동료', '활용', '할', '공간', '할', '득점', '량', '공간활용', '폭', '진', '위치', '분할수', '질도', '외', '연변', '차례', '기회', '후반', '선수', '교체', '통해', '공격', '상대', '주도', '선수', '교체', '박성', '후반', '투입', '경기', '투입', '시키', '기보', '선수', '선발', '출장', '교체', '교체', '감독', '진', '교훈', '총화', '강', '실책', '대한', '대비', '기대']
http://www.iybrb.com/sport/content/2010-07/18/35_69351.html	2010 갑급리그 경기결과 순위표	51	3	39	8	1	['홈팀', '팀', '록']	['결과', '원정', '안휘', '연변', '성도', '일지', '심양', '호북', '광주', '남경', '중방', '호남', '리', '공동', '순위', '승', '패', '득', '점수', '성도', '호남', '상도', '광주', '항', '상해', '호북', '연변', '심양', '북경', '광동', '일지', '안휘', '방', '상해', '중방', '남경', '유유', '북', '경리']
http://www.iybrb.com/sport/content/2010-07/18/35_71423.html	지문일 주력 수문장으로 “우뚝”	106	8	63	31	4	['팀', '팬', '키퍼', '키퍼', '팀', '키퍼', '키퍼', '팀']	['대', '성도', '전', '패', '연변', '문장', '선수', '경기장', '여', '순발력', '묘기', '인상', '각인', '윤광', '항상', '선수', '윤광', '상처', '투입', '선수', '여겨졌지만', '윤광', '넘을수', '기량', '문장', '생인', '선수', '다소', '체격', '신장', '선수', '자신', '신체', '극복', '평소', '훈련', '감독', '진의', '기대', '선수', '연변', '간', '감독', '선수', '순발력', '위치', '선정', '대한', '동물', '감각', '평가', '향후', '현재', '상병', '완쾌', '윤광', '선의', '경쟁', '경쟁', '분위기', '안착', '선수', '기대']
http://www.iybrb.com/sport/content/2010-07/18/35_71422.html	연변축구에 푹 빠진 애심인사—엄태호	104	7	54	29	14	['시즌', '팀', '박스', '스포츠', '팬', '팀', '팀']	['연변', '축구', '한국', '광동', '제약', '연길', '백', '대리점', '경리', '대', '희전', '전날', '음료', '한국', '천연', '홍삼', '증정', '차례', '구단', '물품', '지원', '지난', '선수', '훈련', '시', '수건', '전해', '입점', '협회', '회장', '련', '계해', '장', '보', '이외', '연변', '축구팀', '생사', '고락', '연변', '축구', '협회', '일정', '고', '감독', '인연', '연변', '축구', '닿는대로', '사회', '각계', '지원이', '항상', '기자']
http://www.iybrb.com/sport/content/2010-07/18/35_69353.html	지문일 주력 수문장으로 “우뚝”	106	8	63	31	4	['팀', '팬', '키퍼', '키퍼', '팀', '키퍼', '키퍼', '팀']	['대', '성도', '전', '패', '연변', '문장', '선수', '경기장', '여', '순발력', '묘기', '인상', '각인', '윤광', '항상', '선수', '윤광', '상처', '투입', '선수', '여겨졌지만', '윤광', '넘을수', '기량', '문장', '생인', '선수', '다소', '체격', '신장', '선수', '자신', '신체', '극복', '평소', '훈련', '감독', '진의', '기대', '선수', '연변', '간', '감독', '선수', '순발력', '위치', '선정', '대한', '동물', '감각', '평가', '향후', '현재', '상병', '완쾌', '윤광', '선의', '경쟁', '경쟁', '분위기', '안착', '선수', '기대']
http://www.iybrb.com/sport/content/2010-07/18/35_71429.html	“체육운동을 발전시켜 인민의 체질을 증진시키자”	530	4	393	120	13	['보이', '클럽', '시스템', '스포츠']	['모택동', '주석', '체육', '운동', '발전', '인민', '체질', '증진', '제사', '발표', '중국', '체육', '운동', '발전', '어언간', '세월', '중국', '대중', '체육', '운동', '인구', '인구', '이상', '점', '명실', '세계', '체육', '강국', '부상', '중국', '축구', '고향', '연변', '모택동', '주석', '정신', '입어', '축구', '기타', '종목', '체육', '운동', '즉', '대중', '체육', '운동', '대중', '체육', '운동', '인구', '현재', '연변', '인구', '이상', '체육', '군중', '체육', '처', '제공', '전국', '평균', '수준', '릉', '기자', '연변', '대중', '체육', '운동', '사업', '추진', '상황', '체육', '총회', '리용', '서장', '현재', '연변', '대중', '체육', '운동', '활약', '연변', '대중', '체육', '운동', '두뇌', '연변', '체육', '총회', '취지', '사업', '추진', '모택동', '주석', '체육', '운동', '발전', '인민', '체질', '증진', '사업', '추진', '취지', '다년', '당위', '정부', '대적', '지지', '체육', '업무', '지도', '제정', '민', '건신', '계획', '전면', '시', '달해', '대중', '체육', '운동', '보급', '발전', '하면', '체육', '사회', '단체', '조직', '즉', '급', '종목', '체육', '협회', '의', '건설', '사회', '진척', '현재', '연변', '체육', '사회', '단체', '조직', '목전', '연변', '체육', '총회', '등록', '체육', '사회', '단체', '조직', '개', '개', '체육', '사회', '단체', '조직', '등록', '준비', '대중', '체육', '운동', '보급', '발전', '위해', '체육', '사회', '단체', '조직', '말단', '조직', '대한', '건설', '구상', '내', '사업', '중점', '돌파구', '삼고있다', '시', '현', '향', '진', '가두', '사회', '구역', '촌', '즉', '층층', '체육', '사회', '단체', '조직', '대한', '관리', '체제', '진', '일보', '간의', '관계', '조치', '내', '구체', '하면', '연변', '체육', '총회', '소속', '체육', '사회', '단체', '조직', '유', '산재', '동류', '종목', '체육', '사회', '단체', '조직', '관계', '처리', '관계', '순통', '함', '포옹', '말단', '조직', '피복', '면적', '늘이는것이다', '체육', '사회', '단체', '조직', '대해', '관리', '조치', '취하', '체육', '사회', '단체', '조직', '대한', '년도', '심사', '사업', '계기', '조건', '구비', '체육', '사회', '단체', '조직', '자체', '직책', '리행', '정상', '활동', '년도', '검사', '참가', '하지', '개별', '체육', '사회', '단체', '조직', '대해', '경고', '즉', '내', '효과', '할', '등록', '자격', '취소', '상급', '부문', '급', '체육', '사회', '단체', '대한', '통지', '정신', '개', '급', '체육', '사회', '단체', '조직', '일체', '활동', '취소', '즉', '조건', '구비', '무술', '협회', '중국장기', '협회', '빙설', '협회', '협회', '급', '체육', '사회', '단체', '조직', '전환', '협회', '조건', '부', '체육', '사회', '단체', '조직', '활동', '경기', '대해', '규제', '가', '체육', '사회', '단체', '조직', '활동', '경기', '대한', '관리', '규범', '화해', '단체', '조직', '체육', '활동', '경기', '질적', '담보', '즉', '체육', '사회', '단체', '조직', '활동', '경기', '대해', '사전', '심사', '관리제', '도의', '강도', '하면', '체육', '총회', '소속', '체육', '사회', '단체', '활동', '경기', '진행', '활동', '경기', '직세', '체육', '총회', '심사', '제도', '엄수', '만약', '심사', '활동', '경기', '해당', '조례', '활동', '경기', '중지', '상', '기자', '사진', '차기', '연변', '인기', '사진', '경기', '한', '장면', '허성', '기자']
http://www.iybrb.com/sport/content/2010-07/08/35_69326.html	보다 돋보이는 “가야하” 자선경기	205	6	130	58	11	['팀', '스타', '팀', '팬', '도와줄것을', '이벤트']	['연변', '축구', '협회', '연변', '구단', '정보', '과학기술', '유한회사', '천동', '민족', '음료', '유한회사', '주최', '자선경기', '사회', '주목', '이채', '경기', '경기', '연변', '연변', '선수', '치렬', '경기', '축구', '박수갈채', '자선경기', '전부', '연변', '대학', '만원', '과', '연변', '체육', '운동', '학교', '연변', '체육', '운동', '학교', '교장', '이번', '경기', '조직', '북경', '광고', '전파', '매체', '유한회사', '정보', '과학기술', '유한회사', '대표', '윤', '직', '학교', '성금', '전', '빈곤', '학생', '부탁', '학교', '연변', '체육', '운동', '학교', '명', '학생', '학', '잡비', '해결', '료', '해한데', '현재', '연변', '체육', '운동', '학교', '가정', '곤난', '학생', '적지', '개별', '축구', '학생', '가정', '난', '중퇴', '할', '처지', '학교', '곤혹', '연변', '체육', '운동', '학교', '주내', '적지', '중소', '학교', '가정', '난', '축구', '적지', '상황', '감안', '할', '이번', '조직', '자선경기', '연변', '축구', '빈곤', '의', '향후', '자선경기', '축구', '지성인', '조직', '규모', '체계', '조직', '연변', '축구', '비약', '연변', '축구', '양성', '리', '관례']
http://www.iybrb.com/sport/content/2010-07/08/35_69328.html	연변대표팀 바드민톤경기(종업원조)서 좋은 성적 취득	128	1	91	31	5	['클럽']	['협회', '익', '체육', '관', '성', '경기', '대회', '경기', '종업원', '연변', '성적', '취득', '차', '경기', '성내', '각지', '여개', '여명', '선수', '운집', '수준', '경기', '이번', '경기', '연변', '조', '집단', '경기', '종목', '경기', '개', '종목', '명', '명', '종목', '순자', '혼합', '복식', '합작', '우승', '명', '개', '종목', '류광', '종', '병조', '남자', '단식', '진침', '류빙', '남자', '복식', '서뢰', '최', '금성', '혼합', '복식', '녀자', '단식', '명', '종목', '서뢰', '남자', '단식', '명', '종목', '류', '해도', '남자', '단식', '협회', '조직', '연변', '명', '구성', '이중', '명', '부동', '종목', '성적', '정신', '풍모', '박투', '정신', '대회', '평가', '체육', '도덕', '격상', '기도', '기자']
http://www.iybrb.com/sport/content/2010-07/08/35_71398.html	2010“ 연변청소년 교정축구 여름철캠프 활동” 펼친다	169	1	117	49	2	['캠프']	['교육', '체육', '주최', '룡정', '교육', '룡정', '문화', '출판', '체육', '공동', '협조', '연변', '청소년', '교정', '축구', '활동', '룡정', '시', '체육', '축구', '주제', '진행', '차', '활동', '연변', '청소년', '교정', '축구', '활동', '전개', '하기', '하여', '조직', '이번', '활동', '전국', '청소년', '교정', '축구', '활동', '실의', '요구', '교육', '체육', '련합', '활동', '통해', '연변', '교정', '축구', '체육', '축구', '리념', '선전', '함', '덕', '가', '겸비', '축구', '후비', '인재', '육성', '격려', '룡정', '시제', '중학교', '학교', '룡정', '시제', '중학교', '중학교', '각각', '차', '활동', '인조', '축구', '학교', '인조', '축구', '초', '중조', '축구', '기술', '유희', '현장', '작문', '야회', '기타', '축구', '관계', '활동', '주축', '구운동', '관리', '쎈터', '해당', '책임자', '이번', '활동', '개', '학교', '개', '중학교', '여명', '중소', '학교', '학생', '선수', '참가', '해당', '부문', '학생', '선수', '금액', '경제', '보조', '기자']
http://www.iybrb.com/sport/content/2010-07/08/35_71397.html	보다 돋보이는 “가야하” 자선경기	205	6	130	58	11	['팀', '스타', '팀', '팬', '도와줄것을', '이벤트']	['연변', '축구', '협회', '연변', '구단', '정보', '과학기술', '유한회사', '천동', '민족', '음료', '유한회사', '주최', '자선경기', '사회', '주목', '이채', '경기', '경기', '연변', '연변', '선수', '치렬', '경기', '축구', '박수갈채', '자선경기', '전부', '연변', '대학', '만원', '과', '연변', '체육', '운동', '학교', '연변', '체육', '운동', '학교', '교장', '이번', '경기', '조직', '북경', '광고', '전파', '매체', '유한회사', '정보', '과학기술', '유한회사', '대표', '윤', '직', '학교', '성금', '전', '빈곤', '학생', '부탁', '학교', '연변', '체육', '운동', '학교', '명', '학생', '학', '잡비', '해결', '료', '해한데', '현재', '연변', '체육', '운동', '학교', '가정', '곤난', '학생', '적지', '개별', '축구', '학생', '가정', '난', '중퇴', '할', '처지', '학교', '곤혹', '연변', '체육', '운동', '학교', '주내', '적지', '중소', '학교', '가정', '난', '축구', '적지', '상황', '감안', '할', '이번', '조직', '자선경기', '연변', '축구', '빈곤', '의', '향후', '자선경기', '축구', '지성인', '조직', '규모', '체계', '조직', '연변', '축구', '비약', '연변', '축구', '양성', '리', '관례']
http://www.iybrb.com/sport/content/2010-07/08/35_69327.html	2010“ 연변청소년 교정축구 여름철캠프 활동” 펼친다	169	1	117	49	2	['캠프']	['교육', '체육', '주최', '룡정', '교육', '룡정', '문화', '출판', '체육', '공동', '협조', '연변', '청소년', '교정', '축구', '활동', '룡정', '시', '체육', '축구', '주제', '진행', '차', '활동', '연변', '청소년', '교정', '축구', '활동', '전개', '하기', '하여', '조직', '이번', '활동', '전국', '청소년', '교정', '축구', '활동', '실의', '요구', '교육', '체육', '련합', '활동', '통해', '연변', '교정', '축구', '체육', '축구', '리념', '선전', '함', '덕', '가', '겸비', '축구', '후비', '인재', '육성', '격려', '룡정', '시제', '중학교', '학교', '룡정', '시제', '중학교', '중학교', '각각', '차', '활동', '인조', '축구', '학교', '인조', '축구', '초', '중조', '축구', '기술', '유희', '현장', '작문', '야회', '기타', '축구', '관계', '활동', '주축', '구운동', '관리', '쎈터', '해당', '책임자', '이번', '활동', '개', '학교', '개', '중학교', '여명', '중소', '학교', '학생', '선수', '참가', '해당', '부문', '학생', '선수', '금액', '경제', '보조', '기자']
http://www.iybrb.com/sport/content/2010-07/18/35_69357.html	성도 프리킥 두방으로 “장백호랑이” 잠재우다	395	53	193	122	27	['팀', '팀', '월드컵', '팀', '슛', '팀', '리드', '보이', '팀', '키퍼', '프리킥', '키퍼', '코너킥', '프리킥', '옐로카드', '프리킥', '팀', '팀', '코너킥', '레이', '헤딩', '슛', '팀', '프리킥', '팀', '팀', '팀', '팀', '프리킥', '슛', '팀', '키퍼', '팀', '팀', '패스', '슛', '옐로카드', '슛', '팀', '코너킥', '슛', '팀', '팀', '옐로카드', '팀', '팀', '키퍼', '레이', '하프', '리그', '레드카드', '옐로카드', '코너킥']	['지적', '수비', '불안이였으나', '연변', '해결', '하지', '연길시', '인민', '경기장', '륜', '경기', '수비', '불안', '상대', '대', '완패', '경기', '초반', '보수', '문의', '시작', '연변', '경기', '초반', '상대', '몰아', '경기', '시간', '특정', '개인', '조직', '문제', '위기', '초래', '하기', '시작', '실수', '성도', '간판', '번', '대', '상황', '기회', '선방', '실점', '모면', '상대', '지문', '일이', '번', '역시', '재능', '상대', '금', '지구', '외곽', '문', '꼴문', '대우', '변선', '수비', '강', '반칙', '상대', '외적', '용병', '번', '주도', '지문', '후자', '꼴문', '밀어', '선제', '연변', '기회', '연변', '변선', '수비', '반칙', '한번', '번', '완존선수', '두번째', '전반전', '연변', '상대', '경기', '마', '후반', '시작', '연변', '신진', '박성', '투입', '반전', '시도', '박성', '상대', '수비벽', '원거리', '강슛', '국가', '송진', '유의', '연변', '공격', '서자', '성도', '시간', '전술', '박성', '득점챤스', '강', '선수', '두번째', '경기장', '축출', '수모', '감독', '김광주', '투입', '도박', '무산', '연변', '번의', '실점', '기회', '모면', '박성', '각도', '역시', '성도', '성도', '번', '완존', '선수', '역시', '루적', '경기장', '축출', '성도', '보충', '시간', '대', '기결', '종료', '연변', '원정', '안휘', '방과', '격돌', '대', '성도', '전', '출전', '명단', '번', '수비', '번', '번', '청송', '번', '번', '강', '번', '번', '번', '박성', '번', '번', '공격', '번', '번', '번', '갑', '변경', '기구', '기술', '조사', '연구', '반칙', '득점', '연변', '장', '장', '차', '차', '성도', '장', '장', '차', '차', '기자']
http://www.iybrb.com/sport/content/2010-06/28/35_69320.html	연변축구 어제와 오늘 래일을 위하여	162	16	89	45	12	['졸라', '스타', '팀', '스타', '스타', '팀', '팀', '졸라', '스타', '팬', '팀', '팀', '스타', '팀', '졸라', '팀']	['리', '홍군', '황', '방', '박', '문호', '장경', '리', '봉', '김영수', '학봉', '정동', '칠', '당년', '연변', '축구', '오후', '연길시', '인민', '경기장', '자선경기', '연변', '감독', '감독', '선수', '간의', '정', '화합', '당년', '기량', '다소', '녹', '대부분', '대들인', '연변', '선수', '연변', '최선', '속도', '체력', '반응', '한계', '방', '황', '등', '당년', '개인기로', '감탄', '전반전', '연변', '문', '충국', '등', '련속', '후반전', '연변', '외적', '선수', '연변', '선수', '연변', '축구', '불굴', '정신', '발휘', '방', '각각', '연변', '추격', '대', '패', '승부', '연변', '축구', '추억', '선전', '래일', '도약', '위해', '경기', '연변', '축구', '위해', '최선', '최선', '다한', '경기', '사진', '기자']
http://www.iybrb.com/sport/content/2010-06/28/35_69325.html	제8회 전국롱아인축구예선경기 개막	116	1	90	23	2	['장애인체육']	['전국', '롱아', '축구', '예선', '경기', '개막식', '연길시', '조선족', '예술', '중심', '중국', '운동', '관리', '중심', '중국', '롱아', '체육', '협회', '중국', '장애인', '련합회', '체육부', '길림성', '장애인', '련합회', '등', '해당', '부문', '책임자', '개막식', '참석', '개막식', '정부', '왕복', '생', '부주', '당위', '정부', '대표', '전국', '각지', '롱아', '체육', '건아', '환영', '표', '년', '주', '장애인', '사업', '성과', '연변', '자연', '정황', '소수민족', '풍속', '습관', '대해', '소개', '이번', '운동경기', '통해', '사회', '롱아', '사업', '관심', '지지', '분위기', '형성', '강조', '전국', '롱아', '축구', '운동', '거족', '발전', '이번', '대회', '성공', '충심', '기원', '개막식', '연길시', '조선족', '예술', '단', '출연', '사계절', '관람', '기자']
http://www.iybrb.com/sport/content/2010-06/28/35_71390.html	연변축구 어제와 오늘 래일을 위하여	162	16	89	45	12	['졸라', '스타', '팀', '스타', '스타', '팀', '팀', '졸라', '스타', '팬', '팀', '팀', '스타', '팀', '졸라', '팀']	['리', '홍군', '황', '방', '박', '문호', '장경', '리', '봉', '김영수', '학봉', '정동', '칠', '당년', '연변', '축구', '오후', '연길시', '인민', '경기장', '자선경기', '연변', '감독', '감독', '선수', '간의', '정', '화합', '당년', '기량', '다소', '녹', '대부분', '대들인', '연변', '선수', '연변', '최선', '속도', '체력', '반응', '한계', '방', '황', '등', '당년', '개인기로', '감탄', '전반전', '연변', '문', '충국', '등', '련속', '후반전', '연변', '외적', '선수', '연변', '선수', '연변', '축구', '불굴', '정신', '발휘', '방', '각각', '연변', '추격', '대', '패', '승부', '연변', '축구', '추억', '선전', '래일', '도약', '위해', '경기', '연변', '축구', '위해', '최선', '최선', '다한', '경기', '사진', '기자']
http://www.iybrb.com/sport/content/2010-07/01/35_69322.html	성무술경기서 연변선수들 은메달 2매 동메달 1매 획득	97	3	71	18	5	['컵', '하키', '팀']	['체육', '체육', '훈련', '처', '체육관', '성', '경기', '대회', '청소년', '장춘', '체육복', '무술', '경기', '연변', '선수', '은메달', '매', '동메달', '매', '체육', '체육', '탁구', '롱구', '무술', '운동', '관리', '쎈터', '주최', '체육', '체육관', '주관', '체육복', '관리', '쎈터', '협찬', '차', '경기', '장춘', '사평', '길림', '연변', '백산', '료', '유수', '등지', '선수', '대거', '출전', '이채', '경기', '결과', '연길시', '김평', '선수', '갑', '녀자', '과', '갑', '녀자', '무기', '각각', '은메달', '훈춘시', '소년', '무술', '학교', '병조', '집단', '동메달', '획득', '기자']
http://www.iybrb.com/sport/content/2010-06/28/35_71392.html	제8회 전국롱아인축구예선경기 개막	116	1	90	23	2	['장애인체육']	['전국', '롱아', '축구', '예선', '경기', '개막식', '연길시', '조선족', '예술', '중심', '중국', '운동', '관리', '중심', '중국', '롱아', '체육', '협회', '중국', '장애인', '련합회', '체육부', '길림성', '장애인', '련합회', '등', '해당', '부문', '책임자', '개막식', '참석', '개막식', '정부', '왕복', '생', '부주', '당위', '정부', '대표', '전국', '각지', '롱아', '체육', '건아', '환영', '표', '년', '주', '장애인', '사업', '성과', '연변', '자연', '정황', '소수민족', '풍속', '습관', '대해', '소개', '이번', '운동경기', '통해', '사회', '롱아', '사업', '관심', '지지', '분위기', '형성', '강조', '전국', '롱아', '축구', '운동', '거족', '발전', '이번', '대회', '성공', '충심', '기원', '개막식', '연길시', '조선족', '예술', '단', '출연', '사계절', '관람', '기자']
http://www.iybrb.com/sport/content/2010-06/20/35_69313.html	6월 27일 연길시인민경기장에 별들이 모인다	90	9	51	15	15	['팀', '스타', '팀', '스타', '팀', '코치', '졸라', '팀', '스타']	['오후', '연길시', '인민', '경기장', '별', '연변', '축구', '협회', '연변', '축구', '구락부', '정보', '과학기술', '유한회사', '천동', '민족', '음료', '유한회사', '주최', '자선경기', '연변', '연변', '경기', '연변', '감독', '조리', '감독', '유동', '수가', '선수', '리', '홍군', '김영수', '방', '박', '문호', '장경', '리', '봉', '학봉', '유봉', '황', '정동', '칠', '최', '종국', '전호', '리호', '등', '연변', '기자']
http://www.iybrb.com/sport/content/2010-06/20/35_71384.html	6월 27일 연길시인민경기장에 별들이 모인다	90	9	51	15	15	['팀', '스타', '팀', '스타', '팀', '코치', '졸라', '팀', '스타']	['오후', '연길시', '인민', '경기장', '별', '연변', '축구', '협회', '연변', '축구', '구락부', '정보', '과학기술', '유한회사', '천동', '민족', '음료', '유한회사', '주최', '자선경기', '연변', '연변', '경기', '연변', '감독', '조리', '감독', '유동', '수가', '선수', '리', '홍군', '김영수', '방', '박', '문호', '장경', '리', '봉', '학봉', '유봉', '황', '정동', '칠', '최', '종국', '전호', '리호', '등', '연변', '기자']
http://www.iybrb.com/sport/content/2010-06/20/35_71383.html	연변팀 격전 위한 에네지 보충	135	7	92	26	10	['팀', '돋아주었다', '월드컵', '팀', '팀', '팀', '팀']	['연변', '신흥', '공업', '집중', '구', '위치', '연변', '변성', '술업', '유한회사', '고려', '체력', '증강', '보', '연변', '일동', '대접', '사기', '북', '휴전', '기전', '연변', '승', '패', '점', '기록', '순위', '머물고있다', '현재', '연변', '연길', '집중', '훈련', '한국', '행', '계획', '연변', '변성', '술업', '회사', '류', '경리', '연변', '구단', '련계', '선수', '양고기', '대접', '체력', '회복', '한편', '선수', '사기', '행사', '참가', '연변', '김영수', '등', '감독', '진', '지도', '진과', '선수', '곤난', '처', '물심', '량면', '지지', '성원', '연변', '변성', '술업', '유한회사', '감사', '기대', '약속', '한편', '연변', '선배', '참석', '기자', '사진', '설명', '류', '자동', '경리', '가', '선수', '휴식', '윤', '균', '기자']
http://www.iybrb.com/sport/content/2010-07/01/35_71394.html	성무술경기서 연변선수들 은메달 2매 동메달 1매 획득	97	3	71	18	5	['컵', '하키', '팀']	['체육', '체육', '훈련', '처', '체육관', '성', '경기', '대회', '청소년', '장춘', '체육복', '무술', '경기', '연변', '선수', '은메달', '매', '동메달', '매', '체육', '체육', '탁구', '롱구', '무술', '운동', '관리', '쎈터', '주최', '체육', '체육관', '주관', '체육복', '관리', '쎈터', '협찬', '차', '경기', '장춘', '사평', '길림', '연변', '백산', '료', '유수', '등지', '선수', '대거', '출전', '이채', '경기', '결과', '연길시', '김평', '선수', '갑', '녀자', '과', '갑', '녀자', '무기', '각각', '은메달', '훈춘시', '소년', '무술', '학교', '병조', '집단', '동메달', '획득', '기자']
http://www.iybrb.com/sport/content/2010-07/01/35_69324.html	성 제16회경기대회서 류사원 녀자도로자전거 3등 차지	92	10	59	19	4	['컵', '킬로', '메터', '메달', '메터', '킬로', '킬로', '킬로', '킬로', '킬로']	['체육', '송원시', '호풍', '경구', '간호', '성', '경기', '대회', '녀자', '도로', '자전거경기', '연변', '대표', '출전', '류', '선수', '녀', '조', '개인', '전', '종목', '연변', '유일', '획득', '체육', '륙', '자전거', '운동', '관리', '쎈터', '주최', '인민', '정부', '간호', '관광', '경제개발', '관리', '위원회', '주관', '차', '경기', '개', '급별', '갑', '조', '병조', '의', '개', '종목', '설치', '치렬', '쟁탈전', '연변', '위주', '선수', '이번', '경기', '출전', '기자']
http://www.iybrb.com/sport/content/2010-07/18/35_69356.html	“결과는 승복…강홍권의 ‘축출’로 팀 완전히 피동”	116	10	62	40	4	['팀', '프리킥', '팀', '팀', '팀', '팀', '팀', '옐로카드', '레드카드', '레드카드']	['산', '성도', '감독', '경기', '성도', '행운', '차례', '반격', '행운', '연변', '기절', '주', '장악', '능력', '기회', '정채', '경기', '후반전', '인원', '보수', '경기', '림', '휴식', '기간', '선수', '감각', '수도', '인원', '연변', '수비', '진', '적지', '압력', '김광주', '연변', '감독', '성도', '실력', '강팀', '방', '전환', '속도', '선수', '개개인', '능력', '경기', '정상', '전반전', '선수', '집중', '후반', '강', '루적', '경기장', '피동', '받기전까지', '연변', '공세', '상대', '초월', '대해', '실망']
http://www.iybrb.com/sport/content/2010-06/23/35_69315.html	길림성 제16회 운동회 개(페)막식 연길에서 열린다	112	1	84	21	6	['호텔']	['길림', '은행', '길림성', '운동회', '준비', '사업', '추진', '변국', '차', '대회', '소식', '개회', '리룡희주장', '주임', '민', '광도', '부주', '집행', '주임', '한', '운동회', '조직', '위원회', '정식', '가동', '이번', '대회', '준비', '사업', '단계', '접어', '의미', '본', '운동회', '조직', '위원회', '특별', '신문', '대변인', '소개', '운동회', '개막식', '연변', '대학', '체육관', '거행', '오전', '거행', '장소', '미정', '운동회', '청소년', '사회', '등', '개', '별로', '개', '대항', '개', '항목', '경기', '주', '사격', '축구', '롱구', '륙상', '탁구', '태권도', '등', '개', '대항', '개', '항목', '경기', '주최', '참가', '인원', '수가', '명', '연변', '주최', '경기', '일정', '기자']
http://www.iybrb.com/sport/content/2010-06/20/35_69314.html	제8회 전국롱아인축구예선경기 연길서	115	1	87	24	3	['올림픽']	['중국', '장애인', '련합회', '국가', '체육', '중국', '롱아', '체육', '협회', '주최', '길림성', '장애인', '련합회', '길림성', '체육', '장애인', '련합회', '주관', '전국', '롱아', '축구', '예선', '경기', '연변', '대학', '체육', '이번', '전국', '롱아', '축구', '예선', '경기', '전국', '개', '성', '시', '명', '선수', '출전', '주', '롱아', '축구팀', '길림성', '대표', '이번', '경기', '출전', '주', '롱아', '축구팀', '수차', '전국', '롱아', '축구', '경기', '특수', '축구', '경기', '참가', '성적', '정부', '왕복', '생', '부주', '연변', '사상', '이번', '전국', '롱아', '축구', '예선', '경기', '연변', '홍보', '연변', '관광업', '발전', '추진', '기회', '해당', '선수', '최선', '이번', '경기', '성공', '당부', '기자']
http://www.iybrb.com/sport/content/2010-06/23/35_71386.html	길림성 제16회 운동회 개(페)막식 연길에서 열린다	112	1	84	21	6	['호텔']	['길림', '은행', '길림성', '운동회', '준비', '사업', '추진', '변국', '차', '대회', '소식', '개회', '리룡희주장', '주임', '민', '광도', '부주', '집행', '주임', '한', '운동회', '조직', '위원회', '정식', '가동', '이번', '대회', '준비', '사업', '단계', '접어', '의미', '본', '운동회', '조직', '위원회', '특별', '신문', '대변인', '소개', '운동회', '개막식', '연변', '대학', '체육관', '거행', '오전', '거행', '장소', '미정', '운동회', '청소년', '사회', '등', '개', '별로', '개', '대항', '개', '항목', '경기', '주', '사격', '축구', '롱구', '륙상', '탁구', '태권도', '등', '개', '대항', '개', '항목', '경기', '주최', '참가', '인원', '수가', '명', '연변', '주최', '경기', '일정', '기자']
http://www.iybrb.com/sport/content/2010-06/20/35_71385.html	제8회 전국롱아인축구예선경기 연길서	115	1	87	24	3	['올림픽']	['중국', '장애인', '련합회', '국가', '체육', '중국', '롱아', '체육', '협회', '주최', '길림성', '장애인', '련합회', '길림성', '체육', '장애인', '련합회', '주관', '전국', '롱아', '축구', '예선', '경기', '연변', '대학', '체육', '이번', '전국', '롱아', '축구', '예선', '경기', '전국', '개', '성', '시', '명', '선수', '출전', '주', '롱아', '축구팀', '길림성', '대표', '이번', '경기', '출전', '주', '롱아', '축구팀', '수차', '전국', '롱아', '축구', '경기', '특수', '축구', '경기', '참가', '성적', '정부', '왕복', '생', '부주', '연변', '사상', '이번', '전국', '롱아', '축구', '예선', '경기', '연변', '홍보', '연변', '관광업', '발전', '추진', '기회', '해당', '선수', '최선', '이번', '경기', '성공', '당부', '기자']
http://www.iybrb.com/sport/content/2010-06/24/35_69317.html	중국농업은행 연변분행 제1회탁구경기 진행	135	2	102	19	12	['팀', '팀']	['중국', '농업', '은행', '주식', '유한회사', '연변', '행', '주식', '상장', '탁구', '협회', '활동', '쎈터', '중국', '농업', '은행', '주식', '유한회사', '연변', '행', '탁구', '경기', '주최', '차', '경기', '중국', '농업', '은행', '연변', '행', '주내', '각', '행', '여명', '남녀', '선수', '출전', '치렬', '쟁탈', '경기', '결과', '남자', '집단', '종목', '우승', '준우승', '연변', '행', '기관', '녀자', '집단', '종목', '연변', '행', '기관', '우승', '준우승', '획득', '남자', '단식', '종목', '강', '춘양', '연변', '행', '기관', '왕충', '효', '행', '도문시', '행', '각각', '녀자', '단식', '종목', '행', '춘란', '연길시', '인민', '로지', '행', '배려', '연변', '행', '기관', '가', '각기', '도일', '종목', '연길시', '인민', '로지', '행', '죽', '연변', '행', '기관', '장강', '훈춘시', '행', '각각', '기자']
http://www.iybrb.com/sport/content/2010-06/24/35_71387.html	중국농업은행 연변분행 제1회탁구경기 진행	135	2	102	19	12	['팀', '팀']	['중국', '농업', '은행', '주식', '유한회사', '연변', '행', '주식', '상장', '탁구', '협회', '활동', '쎈터', '중국', '농업', '은행', '주식', '유한회사', '연변', '행', '탁구', '경기', '주최', '차', '경기', '중국', '농업', '은행', '연변', '행', '주내', '각', '행', '여명', '남녀', '선수', '출전', '치렬', '쟁탈', '경기', '결과', '남자', '집단', '종목', '우승', '준우승', '연변', '행', '기관', '녀자', '집단', '종목', '연변', '행', '기관', '우승', '준우승', '획득', '남자', '단식', '종목', '강', '춘양', '연변', '행', '기관', '왕충', '효', '행', '도문시', '행', '각각', '녀자', '단식', '종목', '행', '춘란', '연길시', '인민', '로지', '행', '배려', '연변', '행', '기관', '가', '각기', '도일', '종목', '연길시', '인민', '로지', '행', '죽', '연변', '행', '기관', '장강', '훈춘시', '행', '각각', '기자']
http://www.iybrb.com/sport/content/2010-06/24/35_69316.html	“중국조선족체육연구” 세상에 고고성	191	1	154	32	4	['사인']	['연변', '대학', '민족', '체육', '연구소', '소장', '체육', '학원', '교수', '십년', '심혈', '결실', '중국', '조선족', '체육', '리론', '적리', '정비', '격인', '중국', '조선족', '체육', '연구', '가', '일전', '인민', '체육', '출판사', '출판', '발행', '륙속', '국내', '체육', '의', '주목', '연변', '대학', '민족', '체육', '연구소', '소장', '체육', '학원', '교수', '중국', '조선족', '체육', '연구', '총', '장', '구성', '론문', '민족', '중국', '소수민족', '과도', '조선족', '체육', '문화', '각도', '체육', '리론', '분석', '연구', '학술', '가치', '국가', '사회과학', '기금', '서부', '개발', '항목', '과제', '비준', '중국', '조선족', '체육', '연구', '장', '중국', '조선족', '체육', '배경', '령역', '방법', '장', '중국', '조선족', '체육', '형성', '발전', '장', '중국', '조선족', '체육', '장', '중국', '조선족', '사회', '체육', '장', '중국', '조선족', '학교', '체육', '장', '중국', '조선족', '농촌', '체육', '장', '중국', '조선족', '전통', '체육', '계승', '발전', '장', '중국', '조선족', '체육', '문화', '발전', '전략', '기술', '중국', '체육', '리론', '북경', '체육', '대학', '박사', '생도', '교수', '중국', '조선족', '체육', '연구', '서언', '평가', '하기도', '항목', '연구', '방위', '체적', '소수민족', '전통', '당대', '체육', '연구', '분석', '본보기', '견본', '제공']
http://www.iybrb.com/sport/content/2010-06/24/35_71388.html	“중국조선족체육연구” 세상에 고고성	191	1	154	32	4	['사인']	['연변', '대학', '민족', '체육', '연구소', '소장', '체육', '학원', '교수', '십년', '심혈', '결실', '중국', '조선족', '체육', '리론', '적리', '정비', '격인', '중국', '조선족', '체육', '연구', '가', '일전', '인민', '체육', '출판사', '출판', '발행', '륙속', '국내', '체육', '의', '주목', '연변', '대학', '민족', '체육', '연구소', '소장', '체육', '학원', '교수', '중국', '조선족', '체육', '연구', '총', '장', '구성', '론문', '민족', '중국', '소수민족', '과도', '조선족', '체육', '문화', '각도', '체육', '리론', '분석', '연구', '학술', '가치', '국가', '사회과학', '기금', '서부', '개발', '항목', '과제', '비준', '중국', '조선족', '체육', '연구', '장', '중국', '조선족', '체육', '배경', '령역', '방법', '장', '중국', '조선족', '체육', '형성', '발전', '장', '중국', '조선족', '체육', '장', '중국', '조선족', '사회', '체육', '장', '중국', '조선족', '학교', '체육', '장', '중국', '조선족', '농촌', '체육', '장', '중국', '조선족', '전통', '체육', '계승', '발전', '장', '중국', '조선족', '체육', '문화', '발전', '전략', '기술', '중국', '체육', '리론', '북경', '체육', '대학', '박사', '생도', '교수', '중국', '조선족', '체육', '연구', '서언', '평가', '하기도', '항목', '연구', '방위', '체적', '소수민족', '전통', '당대', '체육', '연구', '분석', '본보기', '견본', '제공']
http://www.iybrb.com/sport/content/2010-06/28/35_69318.html	“탁구협회”컵 및 “장백산”컵 탁구경기 원만히 결속	184	16	120	41	7	['컵', '컵', '팀', '팀', '팀', '라지오', '팀', '팀', '팀', '팀', '팀', '팀', '팀', '팀', '라지오', '팀']	['탁구', '협회', '주최', '길림성', '연초', '업유', '책임', '회사', '협조', '탁구', '협회', '장백산', '탁구', '경기', '탁구', '협회', '활동', '쎈터', '결속', '연변', '탁구', '오지', '년', '노력', '사상', '남자', '집단', '단식', '우승', '연변', '탁구', '실력', '판도', '이변', '연출', '반', '차', '경기', '주내', '개', '현', '시', '개', '남녀', '여명', '선수', '출전', '남녀', '집단', '단식', '개', '종목', '치렬', '쟁탈', '경기', '결과', '남자', '집단', '우승', '입적', '선수', '조직', '탁구', '협회', '준우승', '연변', '공업', '학교', '양광', '재산', '보험', '연변', '회사', '획득', '녀자', '집단', '우승', '영화', '방송국', '준우승', '훈춘', '장미꽃', '탁구', '협회', '활동', '쎈터', '남자', '단식', '오빈', '빈', '손자', '청', '이상', '탁구', '협회', '각각', '연변', '공업', '학교', '과', '도문시', '탁구', '협회', '녀자', '단식', '탁구', '협회', '활동', '쎈터', '석우', '혜', '훈춘', '장미꽃', '가', '각기', '빈', '이상', '영화', '방송국', '기자']
http://www.iybrb.com/sport/content/2010-06/28/35_71389.html	“탁구협회”컵 및 “장백산”컵 탁구경기 원만히 결속	184	16	120	41	7	['컵', '컵', '팀', '팀', '팀', '라지오', '팀', '팀', '팀', '팀', '팀', '팀', '팀', '팀', '라지오', '팀']	['탁구', '협회', '주최', '길림성', '연초', '업유', '책임', '회사', '협조', '탁구', '협회', '장백산', '탁구', '경기', '탁구', '협회', '활동', '쎈터', '결속', '연변', '탁구', '오지', '년', '노력', '사상', '남자', '집단', '단식', '우승', '연변', '탁구', '실력', '판도', '이변', '연출', '반', '차', '경기', '주내', '개', '현', '시', '개', '남녀', '여명', '선수', '출전', '남녀', '집단', '단식', '개', '종목', '치렬', '쟁탈', '경기', '결과', '남자', '집단', '우승', '입적', '선수', '조직', '탁구', '협회', '준우승', '연변', '공업', '학교', '양광', '재산', '보험', '연변', '회사', '획득', '녀자', '집단', '우승', '영화', '방송국', '준우승', '훈춘', '장미꽃', '탁구', '협회', '활동', '쎈터', '남자', '단식', '오빈', '빈', '손자', '청', '이상', '탁구', '협회', '각각', '연변', '공업', '학교', '과', '도문시', '탁구', '협회', '녀자', '단식', '탁구', '협회', '활동', '쎈터', '석우', '혜', '훈춘', '장미꽃', '가', '각기', '빈', '이상', '영화', '방송국', '기자']
